Id,Source,Target
0,1950,1950s
1,1950,1950s
2,1955,1950s
3,1955,1950s
4,1960,1960s
5,1960,1960s
6,1965,1960s
7,1965,1960s
8,1970,1970s
9,1970,1970s
10,1975,1970s
11,1975,1970s
12,1980,1980s
13,1980,1980s
14,1985,1980s
15,1985,1980s
16,1990,1990s
17,1990,1990s
18,1995,1990s
19,1995,1990s
20,2000,2000s
21,2000,2000s
22,2005,2000s
23,2005,2000s
24,2010,2010s
25,2010,2010s
26,2015,2010s
27,2015,2010s
28,Goodnight Irene,1950
29,Mona Lisa,1950
30,Cherry Pink And Apple Blossom White,1955
31,Rock Around the Clock,1955
32,Theme from A Summer Place,1960
33,He'll Have to Go,1960
34,Wooly Bully,1965
35,I Can't Help Myself (Sugar Pie Honey Bunch),1965
36,Bridge Over Troubled Water,1970
37,(They Long to Be) Close to You,1970
38,Love Will Keep Us Together,1975
39,Rhinestone Cowboy,1975
40,Call Me,1980
41,"Another Brick in the Wall, Part II",1980
42,Careless Whisper,1985
43,Like a Virgin,1985
44,Hold On,1990
45,It Must Have Been Love,1990
46,Gangsta's Paradise,1995
47,Waterfalls,1995
48,Breathe,2000
49,Smooth,2000
50,We Belong Together,2005
51,Hollaback Girl,2005
52,Tik Tok,2010
53,Need You Now,2010
54,Uptown Funk,2015
55,Thinking Out Loud,2015
56,take,Goodnight Irene
57,river,Goodnight Irene
58,drown,Goodnight Irene
59,stay,Goodnight Irene
60,bright,Goodnight Irene
61,sometimes,Goodnight Irene
62,marry,Goodnight Irene
63,wife,Goodnight Irene
64,see,Goodnight Irene
65,jump,Goodnight Irene
66,ramblin,Goodnight Irene
67,family,Goodnight Irene
68,get,Goodnight Irene
69,settle,Goodnight Irene
70,dream,Goodnight Irene
71,live,Goodnight Irene
72,home,Goodnight Irene
73,last,Goodnight Irene
74,town,Goodnight Irene
75,fireside,Goodnight Irene
76,irene,Goodnight Irene
77,downtown,Goodnight Irene
78,part,Goodnight Irene
79,late,Goodnight Irene
80,night,Goodnight Irene
81,na,Goodnight Irene
82,great,Goodnight Irene
83,stroll,Goodnight Irene
84,stop,Goodnight Irene
85,gon,Goodnight Irene
86,country,Goodnight Irene
87,goodnight,Goodnight Irene
88,gamblin,Goodnight Irene
89,little,Goodnight Irene
90,saturday,Goodnight Irene
91,go,Goodnight Irene
92,ill,Goodnight Irene
93,motion,Goodnight Irene
94,cause,Mona Lisa
95,youre,Mona Lisa
96,lover,Mona Lisa
97,lovely,Mona Lisa
98,tempt,Mona Lisa
99,broken,Mona Lisa
100,like,Mona Lisa
101,cold,Mona Lisa
102,work,Mona Lisa
103,way,Mona Lisa
104,dream,Mona Lisa
105,real,Mona Lisa
106,mystic,Mona Lisa
107,doorstep,Mona Lisa
108,lady,Mona Lisa
109,lie,Mona Lisa
110,blame,Mona Lisa
111,hide,Mona Lisa
112,mona,Mona Lisa
113,lonely,Mona Lisa
114,lisa,Mona Lisa
115,bring,Mona Lisa
116,many,Mona Lisa
117,men,Mona Lisa
118,art,Mona Lisa
119,strangeness,Mona Lisa
120,smile,Mona Lisa
121,heart,Mona Lisa
122,name,Mona Lisa
123,warm,Mona Lisa
124,die,Mona Lisa
125,start,Cherry Pink And Apple Blossom White
126,youre,Cherry Pink And Apple Blossom White
127,say,Cherry Pink And Apple Blossom White
128,boy,Cherry Pink And Apple Blossom White
129,bright,Cherry Pink And Apple Blossom White
130,true,Cherry Pink And Apple Blossom White
131,find,Cherry Pink And Apple Blossom White
132,lover,Cherry Pink And Apple Blossom White
133,fall,Cherry Pink And Apple Blossom White
134,blossom,Cherry Pink And Apple Blossom White
135,pink,Cherry Pink And Apple Blossom White
136,sight,Cherry Pink And Apple Blossom White
137,gently,Cherry Pink And Apple Blossom White
138,white,Cherry Pink And Apple Blossom White
139,poet,Cherry Pink And Apple Blossom White
140,way,Cherry Pink And Apple Blossom White
141,look,Cherry Pink And Apple Blossom White
142,new,Cherry Pink And Apple Blossom White
143,love,Cherry Pink And Apple Blossom White
144,always,Cherry Pink And Apple Blossom White
145,branch,Cherry Pink And Apple Blossom White
146,bride,Cherry Pink And Apple Blossom White
147,grow,Cherry Pink And Apple Blossom White
148,intertwine,Cherry Pink And Apple Blossom White
149,story,Cherry Pink And Apple Blossom White
150,meet,Cherry Pink And Apple Blossom White
151,moon,Cherry Pink And Apple Blossom White
152,long,Cherry Pink And Apple Blossom White
153,write,Cherry Pink And Apple Blossom White
154,eye,Cherry Pink And Apple Blossom White
155,ago,Cherry Pink And Apple Blossom White
156,carressed,Cherry Pink And Apple Blossom White
157,beside,Cherry Pink And Apple Blossom White
158,breeze,Cherry Pink And Apple Blossom White
159,sigh,Cherry Pink And Apple Blossom White
160,join,Cherry Pink And Apple Blossom White
161,apple,Cherry Pink And Apple Blossom White
162,two,Cherry Pink And Apple Blossom White
163,cherry,Cherry Pink And Apple Blossom White
164,go,Cherry Pink And Apple Blossom White
165,come,Cherry Pink And Apple Blossom White
166,enthrall,Cherry Pink And Apple Blossom White
167,tree,Cherry Pink And Apple Blossom White
168,eight,Rock Around the Clock
169,twelve,Rock Around the Clock
170,one,Rock Around the Clock
171,seventh,Rock Around the Clock
172,three,Rock Around the Clock
173,oclock,Rock Around the Clock
174,daylight,Rock Around the Clock
175,start,Rock Around the Clock
176,four,Rock Around the Clock
177,band,Rock Around the Clock
178,slow,Rock Around the Clock
179,rockin,Rock Around the Clock
180,seven,Rock Around the Clock
181,hon,Rock Around the Clock
182,well,Rock Around the Clock
183,right,Rock Around the Clock
184,heaven,Rock Around the Clock
185,glad,Rock Around the Clock
186,til,Rock Around the Clock
187,rag,Rock Around the Clock
188,nine,Rock Around the Clock
189,yell,Rock Around the Clock
190,six,Rock Around the Clock
191,five,Rock Around the Clock
192,ring,Rock Around the Clock
193,clock,Rock Around the Clock
194,put,Rock Around the Clock
195,strong,Rock Around the Clock
196,round,Rock Around the Clock
197,strike,Rock Around the Clock
198,na,Rock Around the Clock
199,broad,Rock Around the Clock
200,chime,Rock Around the Clock
201,cool,Rock Around the Clock
202,eleven,Rock Around the Clock
203,gon,Rock Around the Clock
204,ten,Rock Around the Clock
205,join,Rock Around the Clock
206,goin,Rock Around the Clock
207,two,Rock Around the Clock
208,around,Rock Around the Clock
209,ill,Rock Around the Clock
210,tonight,Rock Around the Clock
211,fun,Rock Around the Clock
212,rock,Rock Around the Clock
213,place,Theme from A Summer Place
214,free,Theme from A Summer Place
215,hope,Theme from A Summer Place
216,safe,Theme from A Summer Place
217,within,Theme from A Summer Place
218,bless,Theme from A Summer Place
219,see,Theme from A Summer Place
220,yet,Theme from A Summer Place
221,storm,Theme from A Summer Place
222,arm,Theme from A Summer Place
223,dream,Theme from A Summer Place
224,love,Theme from A Summer Place
225,rain,Theme from A Summer Place
226,people,Theme from A Summer Place
227,know,Theme from A Summer Place
228,sweet,Theme from A Summer Place
229,eye,Theme from A Summer Place
230,secret,Theme from A Summer Place
231,care,Theme from A Summer Place
232,summer,Theme from A Summer Place
233,sky,Theme from A Summer Place
234,may,Theme from A Summer Place
235,gloomy,Theme from A Summer Place
236,theres,Theme from A Summer Place
237,reach,Theme from A Summer Place
238,share,Theme from A Summer Place
239,heart,Theme from A Summer Place
240,anywhere,Theme from A Summer Place
241,warm,Theme from A Summer Place
242,im,Theme from A Summer Place
243,two,Theme from A Summer Place
244,alone,He'll Have to Go
245,hell,He'll Have to Go
246,say,He'll Have to Go
247,youre,He'll Have to Go
248,mind,He'll Have to Go
249,true,He'll Have to Go
250,make,He'll Have to Go
251,together,He'll Have to Go
252,turn,He'll Have to Go
253,ive,He'll Have to Go
254,whisper,He'll Have to Go
255,answer,He'll Have to Go
256,get,He'll Have to Go
257,closer,He'll Have to Go
258,man,He'll Have to Go
259,way,He'll Have to Go
260,low,He'll Have to Go
261,hear,He'll Have to Go
262,understand,He'll Have to Go
263,love,He'll Have to Go
264,hold,He'll Have to Go
265,friend,He'll Have to Go
266,pretend,He'll Have to Go
267,phone,He'll Have to Go
268,know,He'll Have to Go
269,hang,He'll Have to Go
270,put,He'll Have to Go
271,sweet,He'll Have to Go
272,cant,He'll Have to Go
273,want,He'll Have to Go
274,tell,He'll Have to Go
275,blind,He'll Have to Go
276,darling,He'll Have to Go
277,let,He'll Have to Go
278,word,He'll Have to Go
279,although,He'll Have to Go
280,little,He'll Have to Go
281,jukebox,He'll Have to Go
282,go,He'll Have to Go
283,ill,He'll Have to Go
284,lip,He'll Have to Go
285,another,He'll Have to Go
286,yes,He'll Have to Go
287,take,Wooly Bully
288,pull,Wooly Bully
289,one,Wooly Bully
290,dance,Wooly Bully
291,bully,Wooly Bully
292,really,Wooly Bully
293,thats,Wooly Bully
294,get,Wooly Bully
295,someone,Wooly Bully
296,wool,Wooly Bully
297,lseven,Wooly Bully
298,horn,Wooly Bully
299,chance,Wooly Bully
300,tres,Wooly Bully
301,tell,Wooly Bully
302,learn,Wooly Bully
303,wooly,Wooly Bully
304,matty,Wooly Bully
305,saw,Wooly Bully
306,let,Wooly Bully
307,quatro,Wooly Bully
308,thing,Wooly Bully
309,hatty,Wooly Bully
310,dont,Wooly Bully
311,come,Wooly Bully
312,uno,Wooly Bully
313,jaw,Wooly Bully
314,big,Wooly Bully
315,two,Wooly Bully
316,flame,I Can't Help Myself (Sugar Pie Honey Bunch)
317,every,I Can't Help Myself (Sugar Pie Honey Bunch)
318,apart,I Can't Help Myself (Sugar Pie Honey Bunch)
319,sugar,I Can't Help Myself (Sugar Pie Honey Bunch)
320,know,I Can't Help Myself (Sugar Pie Honey Bunch)
321,girl,I Can't Help Myself (Sugar Pie Honey Bunch)
322,wink,I Can't Help Myself (Sugar Pie Honey Bunch)
323,na,I Can't Help Myself (Sugar Pie Honey Bunch)
324,tell,I Can't Help Myself (Sugar Pie Honey Bunch)
325,call,I Can't Help Myself (Sugar Pie Honey Bunch)
326,bunch,I Can't Help Myself (Sugar Pie Honey Bunch)
327,dont,I Can't Help Myself (Sugar Pie Honey Bunch)
328,heart,I Can't Help Myself (Sugar Pie Honey Bunch)
329,im,I Can't Help Myself (Sugar Pie Honey Bunch)
330,see,I Can't Help Myself (Sugar Pie Honey Bunch)
331,kiss,I Can't Help Myself (Sugar Pie Honey Bunch)
332,life,I Can't Help Myself (Sugar Pie Honey Bunch)
333,wait,I Can't Help Myself (Sugar Pie Honey Bunch)
334,love,I Can't Help Myself (Sugar Pie Honey Bunch)
335,weak,I Can't Help Myself (Sugar Pie Honey Bunch)
336,apron,I Can't Help Myself (Sugar Pie Honey Bunch)
337,cant,I Can't Help Myself (Sugar Pie Honey Bunch)
338,anything,I Can't Help Myself (Sugar Pie Honey Bunch)
339,pie,I Can't Help Myself (Sugar Pie Honey Bunch)
340,snap,I Can't Help Myself (Sugar Pie Honey Bunch)
341,name,I Can't Help Myself (Sugar Pie Honey Bunch)
342,arunning,I Can't Help Myself (Sugar Pie Honey Bunch)
343,else,I Can't Help Myself (Sugar Pie Honey Bunch)
344,start,I Can't Help Myself (Sugar Pie Honey Bunch)
345,behind,I Can't Help Myself (Sugar Pie Honey Bunch)
346,ive,I Can't Help Myself (Sugar Pie Honey Bunch)
347,leave,I Can't Help Myself (Sugar Pie Honey Bunch)
348,inside,I Can't Help Myself (Sugar Pie Honey Bunch)
349,hide,I Can't Help Myself (Sugar Pie Honey Bunch)
350,eye,I Can't Help Myself (Sugar Pie Honey Bunch)
351,ooh,I Can't Help Myself (Sugar Pie Honey Bunch)
352,picture,I Can't Help Myself (Sugar Pie Honey Bunch)
353,tie,I Can't Help Myself (Sugar Pie Honey Bunch)
354,help,I Can't Help Myself (Sugar Pie Honey Bunch)
355,go,I Can't Help Myself (Sugar Pie Honey Bunch)
356,cause,I Can't Help Myself (Sugar Pie Honey Bunch)
357,string,I Can't Help Myself (Sugar Pie Honey Bunch)
358,tear,I Can't Help Myself (Sugar Pie Honey Bunch)
359,ask,I Can't Help Myself (Sugar Pie Honey Bunch)
360,honey,I Can't Help Myself (Sugar Pie Honey Bunch)
361,nobody,I Can't Help Myself (Sugar Pie Honey Bunch)
362,get,I Can't Help Myself (Sugar Pie Honey Bunch)
363,fool,I Can't Help Myself (Sugar Pie Honey Bunch)
364,man,I Can't Help Myself (Sugar Pie Honey Bunch)
365,wan,I Can't Help Myself (Sugar Pie Honey Bunch)
366,burning,I Can't Help Myself (Sugar Pie Honey Bunch)
367,face,I Can't Help Myself (Sugar Pie Honey Bunch)
368,finger,I Can't Help Myself (Sugar Pie Honey Bunch)
369,choke,I Can't Help Myself (Sugar Pie Honey Bunch)
370,want,I Can't Help Myself (Sugar Pie Honey Bunch)
371,try,I Can't Help Myself (Sugar Pie Honey Bunch)
372,nothing,I Can't Help Myself (Sugar Pie Honey Bunch)
373,time,I Can't Help Myself (Sugar Pie Honey Bunch)
374,thousand,I Can't Help Myself (Sugar Pie Honey Bunch)
375,come,I Can't Help Myself (Sugar Pie Honey Bunch)
376,matter,I Can't Help Myself (Sugar Pie Honey Bunch)
377,side,Bridge Over Troubled Water
378,take,Bridge Over Troubled Water
379,youre,Bridge Over Troubled Water
380,tear,Bridge Over Troubled Water
381,street,Bridge Over Troubled Water
382,behind,Bridge Over Troubled Water
383,lay,Bridge Over Troubled Water
384,darkness,Bridge Over Troubled Water
385,mind,Bridge Over Troubled Water
386,find,Bridge Over Troubled Water
387,pain,Bridge Over Troubled Water
388,fall,Bridge Over Troubled Water
389,feeling,Bridge Over Troubled Water
390,see,Bridge Over Troubled Water
391,oh,Bridge Over Troubled Water
392,water,Bridge Over Troubled Water
393,like,Bridge Over Troubled Water
394,get,Bridge Over Troubled Water
395,bridge,Bridge Over Troubled Water
396,even,Bridge Over Troubled Water
397,comfort,Bridge Over Troubled Water
398,ooo,Bridge Over Troubled Water
399,dream,Bridge Over Troubled Water
400,way,Bridge Over Troubled Water
401,friend,Bridge Over Troubled Water
402,rough,Bridge Over Troubled Water
403,sail,Bridge Over Troubled Water
404,ease,Bridge Over Troubled Water
405,shine,Bridge Over Troubled Water
406,friends,Bridge Over Troubled Water
407,dry,Bridge Over Troubled Water
408,girl,Bridge Over Troubled Water
409,part,Bridge Over Troubled Water
410,small,Bridge Over Troubled Water
411,cant,Bridge Over Troubled Water
412,eye,Bridge Over Troubled Water
413,hard,Bridge Over Troubled Water
414,weary,Bridge Over Troubled Water
415,troubled,Bridge Over Troubled Water
416,time,Bridge Over Troubled Water
417,come,Bridge Over Troubled Water
418,around,Bridge Over Troubled Water
419,ill,Bridge Over Troubled Water
420,silver,Bridge Over Troubled Water
421,need,Bridge Over Troubled Water
422,im,Bridge Over Troubled Water
423,right,Bridge Over Troubled Water
424,angel,(They Long to Be) Close to You
425,gold,(They Long to Be) Close to You
426,ha,(They Long to Be) Close to You
427,true,(They Long to Be) Close to You
428,starlight,(They Long to Be) Close to You
429,day,(They Long to Be) Close to You
430,fall,(They Long to Be) Close to You
431,together,(They Long to Be) Close to You
432,sprinkle,(They Long to Be) Close to You
433,bear,(They Long to Be) Close to You
434,like,(They Long to Be) Close to You
435,get,(They Long to Be) Close to You
436,every,(They Long to Be) Close to You
437,blue,(They Long to Be) Close to You
438,wa,(They Long to Be) Close to You
439,appear,(They Long to Be) Close to You
440,dream,(They Long to Be) Close to You
441,dust,(They Long to Be) Close to You
442,near,(They Long to Be) Close to You
443,town,(They Long to Be) Close to You
444,bird,(They Long to Be) Close to You
445,moon,(They Long to Be) Close to You
446,star,(They Long to Be) Close to You
447,girl,(They Long to Be) Close to You
448,long,(They Long to Be) Close to You
449,follow,(They Long to Be) Close to You
450,create,(They Long to Be) Close to You
451,close,(They Long to Be) Close to You
452,eye,(They Long to Be) Close to You
453,sky,(They Long to Be) Close to You
454,la,(They Long to Be) Close to You
455,time,(They Long to Be) Close to You
456,suddenly,(They Long to Be) Close to You
457,hair,(They Long to Be) Close to You
458,come,(They Long to Be) Close to You
459,around,(They Long to Be) Close to You
460,walk,(They Long to Be) Close to You
461,decide,(They Long to Be) Close to You
462,good,Love Will Keep Us Together
463,turn,Love Will Keep Us Together
464,really,Love Will Keep Us Together
465,pretend,Love Will Keep Us Together
466,u,Love Will Keep Us Together
467,strong,Love Will Keep Us Together
468,hang,Love Will Keep Us Together
469,girl,Love Will Keep Us Together
470,youve,Love Will Keep Us Together
471,whenever,Love Will Keep Us Together
472,na,Love Will Keep Us Together
473,others,Love Will Keep Us Together
474,beautiful,Love Will Keep Us Together
475,bababababa,Love Will Keep Us Together
476,dont,Love Will Keep Us Together
477,heart,Love Will Keep Us Together
478,keep,Love Will Keep Us Together
479,say,Love Will Keep Us Together
480,whatever,Love Will Keep Us Together
481,together,Love Will Keep Us Together
482,think,Love Will Keep Us Together
483,aint,Love Will Keep Us Together
484,forever,Love Will Keep Us Together
485,hear,Love Will Keep Us Together
486,love,Love Will Keep Us Together
487,let,Love Will Keep Us Together
488,mess,Love Will Keep Us Together
489,gon,Love Will Keep Us Together
490,sweettalking,Love Will Keep Us Together
491,around,Love Will Keep Us Together
492,start,Love Will Keep Us Together
493,song,Love Will Keep Us Together
494,sing,Love Will Keep Us Together
495,sound,Love Will Keep Us Together
496,babe,Love Will Keep Us Together
497,talk,Love Will Keep Us Together
498,stop,Love Will Keep Us Together
499,along,Love Will Keep Us Together
500,go,Love Will Keep Us Together
501,ill,Love Will Keep Us Together
502,free,Love Will Keep Us Together
503,young,Love Will Keep Us Together
504,cause,Love Will Keep Us Together
505,need,Love Will Keep Us Together
506,belong,Love Will Keep Us Together
507,get,Love Will Keep Us Together
508,wont,Love Will Keep Us Together
509,look,Love Will Keep Us Together
510,wholl,Love Will Keep Us Together
511,set,Love Will Keep Us Together
512,share,Love Will Keep Us Together
513,come,Love Will Keep Us Together
514,someday,Love Will Keep Us Together
515,wash,Rhinestone Cowboy
516,mind,Rhinestone Cowboy
517,load,Rhinestone Cowboy
518,road,Rhinestone Cowboy
519,really,Rhinestone Cowboy
520,thats,Rhinestone Cowboy
521,every,Rhinestone Cowboy
522,way,Rhinestone Cowboy
523,rain,Rhinestone Cowboy
524,rid,Rhinestone Cowboy
525,know,Rhinestone Cowboy
526,na,Rhinestone Cowboy
527,comin,Rhinestone Cowboy
528,dont,Rhinestone Cowboy
529,game,Rhinestone Cowboy
530,im,Rhinestone Cowboy
531,letter,Rhinestone Cowboy
532,dream,Rhinestone Cowboy
533,guy,Rhinestone Cowboy
534,hustle,Rhinestone Cowboy
535,long,Rhinestone Cowboy
536,sidewalk,Rhinestone Cowboy
537,rhinestone,Rhinestone Cowboy
538,gon,Rhinestone Cowboy
539,thing,Rhinestone Cowboy
540,light,Rhinestone Cowboy
541,theres,Rhinestone Cowboy
542,offer,Rhinestone Cowboy
543,shoe,Rhinestone Cowboy
544,name,Rhinestone Cowboy
545,crack,Rhinestone Cowboy
546,subway,Rhinestone Cowboy
547,street,Rhinestone Cowboy
548,pain,Rhinestone Cowboy
549,takin,Rhinestone Cowboy
550,ive,Rhinestone Cowboy
551,well,Rhinestone Cowboy
552,song,Rhinestone Cowboy
553,old,Rhinestone Cowboy
554,snow,Rhinestone Cowboy
555,people,Rhinestone Cowboy
556,phone,Rhinestone Cowboy
557,away,Rhinestone Cowboy
558,card,Rhinestone Cowboy
559,inside,Rhinestone Cowboy
560,hide,Rhinestone Cowboy
561,train,Rhinestone Cowboy
562,gettin,Rhinestone Cowboy
563,therell,Rhinestone Cowboy
564,compromisin,Rhinestone Cowboy
565,walkin,Rhinestone Cowboy
566,horizon,Rhinestone Cowboy
567,ridin,Rhinestone Cowboy
568,broadway,Rhinestone Cowboy
569,singin,Rhinestone Cowboy
570,shinin,Rhinestone Cowboy
571,ill,Rhinestone Cowboy
572,youre,Rhinestone Cowboy
573,starspangled,Rhinestone Cowboy
574,nice,Rhinestone Cowboy
575,like,Rhinestone Cowboy
576,get,Rhinestone Cowboy
577,cowboy,Rhinestone Cowboy
578,horse,Rhinestone Cowboy
579,even,Rhinestone Cowboy
580,token,Rhinestone Cowboy
581,dirty,Rhinestone Cowboy
582,rodeo,Rhinestone Cowboy
583,dollar,Rhinestone Cowboy
584,smile,Rhinestone Cowboy
585,tuck,Rhinestone Cowboy
586,chart,Call Me
587,anytime,Call Me
588,youre,Call Me
589,color,Call Me
590,car,Call Me
591,wine,Call Me
592,day,Call Me
593,lover,Call Me
594,language,Call Me
595,kiss,Call Me
596,oh,Call Me
597,speak,Call Me
598,mon,Call Me
599,anyplace,Call Me
600,ah,Call Me
601,get,Call Me
602,cover,Call Me
603,baby,Call Me
604,sheet,Call Me
605,chiamami,Call Me
606,love,Call Me
607,way,Call Me
608,designer,Call Me
609,appellemoi,Call Me
610,know,Call Me
611,ill,Call Me
612,emotion,Call Me
613,dayay,Call Me
614,sweet,Call Me
615,cherie,Call Me
616,night,Call Me
617,never,Call Me
618,call,Call Me
619,ride,Call Me
620,amore,Call Me
621,darling,Call Me
622,overtime,Call Me
623,dont,Call Me
624,share,Call Me
625,anywhere,Call Me
626,ready,Call Me
627,come,Call Me
628,line,Call Me
629,design,Call Me
630,alibi,Call Me
631,roll,Call Me
632,enough,Call Me
633,need,"Another Brick in the Wall, Part II"
634,alone,"Another Brick in the Wall, Part II"
635,control,"Another Brick in the Wall, Part II"
636,youre,"Another Brick in the Wall, Part II"
637,behind,"Another Brick in the Wall, Part II"
638,yer,"Another Brick in the Wall, Part II"
639,education,"Another Brick in the Wall, Part II"
640,shed,"Another Brick in the Wall, Part II"
641,still,"Another Brick in the Wall, Part II"
642,dark,"Another Brick in the Wall, Part II"
643,leave,"Another Brick in the Wall, Part II"
644,pudding,"Another Brick in the Wall, Part II"
645,sarcasm,"Another Brick in the Wall, Part II"
646,brick,"Another Brick in the Wall, Part II"
647,cant,"Another Brick in the Wall, Part II"
648,meat,"Another Brick in the Wall, Part II"
649,thought,"Another Brick in the Wall, Part II"
650,hey,"Another Brick in the Wall, Part II"
651,eat,"Another Brick in the Wall, Part II"
652,stand,"Another Brick in the Wall, Part II"
653,teacher,"Another Brick in the Wall, Part II"
654,kid,"Another Brick in the Wall, Part II"
655,laddy,"Another Brick in the Wall, Part II"
656,wrong,"Another Brick in the Wall, Part II"
657,bike,"Another Brick in the Wall, Part II"
658,dont,"Another Brick in the Wall, Part II"
659,wall,"Another Brick in the Wall, Part II"
660,classroom,"Another Brick in the Wall, Part II"
661,another,"Another Brick in the Wall, Part II"
662,yes,"Another Brick in the Wall, Part II"
663,alone,Careless Whisper
664,mind,Careless Whisper
665,good,Careless Whisper
666,youll,Careless Whisper
667,could,Careless Whisper
668,dance,Careless Whisper
669,ignorance,Careless Whisper
670,die,Careless Whisper
671,way,Careless Whisper
672,pretend,Careless Whisper
673,crowd,Careless Whisper
674,know,Careless Whisper
675,dids,Careless Whisper
676,easy,Careless Whisper
677,na,Careless Whisper
678,call,Careless Whisper
679,foot,Careless Whisper
680,hurt,Careless Whisper
681,heart,Careless Whisper
682,waste,Careless Whisper
683,silver,Careless Whisper
684,im,Careless Whisper
685,take,Careless Whisper
686,stay,Careless Whisper
687,say,Careless Whisper
688,together,Careless Whisper
689,forever,Careless Whisper
690,love,Careless Whisper
691,live,Careless Whisper
692,friend,Careless Whisper
693,feel,Careless Whisper
694,guilty,Careless Whisper
695,chance,Careless Whisper
696,unsure,Careless Whisper
697,music,Careless Whisper
698,screen,Careless Whisper
699,give,Careless Whisper
700,lead,Careless Whisper
701,gon,Careless Whisper
702,thing,Careless Whisper
703,theres,Careless Whisper
704,wed,Careless Whisper
705,though,Careless Whisper
706,something,Careless Whisper
707,one,Careless Whisper
708,rhythm,Careless Whisper
709,pain,Careless Whisper
710,sad,Careless Whisper
711,ive,Careless Whisper
712,leave,Careless Whisper
713,well,Careless Whisper
714,wish,Careless Whisper
715,maybe,Careless Whisper
716,careless,Careless Whisper
717,eye,Careless Whisper
718,cheat,Careless Whisper
719,wrong,Careless Whisper
720,go,Careless Whisper
721,floor,Careless Whisper
722,seem,Careless Whisper
723,youre,Careless Whisper
724,loud,Careless Whisper
725,please,Careless Whisper
726,find,Careless Whisper
727,goodbye,Careless Whisper
728,whisper,Careless Whisper
729,get,Careless Whisper
730,fool,Careless Whisper
731,comfort,Careless Whisper
732,hand,Careless Whisper
733,lose,Careless Whisper
734,want,Careless Whisper
735,mend,Careless Whisper
736,truth,Careless Whisper
737,kind,Careless Whisper
738,time,Careless Whisper
739,without,Careless Whisper
740,tonight,Careless Whisper
741,shouldve,Careless Whisper
742,never,Careless Whisper
743,till,Like a Virgin
744,good,Like a Virgin
745,make,Like a Virgin
746,fear,Like a Virgin
747,wilderness,Like a Virgin
748,know,Like a Virgin
749,strong,Like a Virgin
750,na,Like a Virgin
751,id,Like a Virgin
752,heart,Like a Virgin
753,heartbeat,Like a Virgin
754,virgin,Like a Virgin
755,fade,Like a Virgin
756,boy,Like a Virgin
757,shiny,Like a Virgin
758,oh,Like a Virgin
759,ah,Like a Virgin
760,bold,Like a Virgin
761,hear,Like a Virgin
762,love,Like a Virgin
763,fast,Like a Virgin
764,thaw,Like a Virgin
765,feel,Like a Virgin
766,cant,Like a Virgin
767,hey,Like a Virgin
768,end,Like a Virgin
769,give,Like a Virgin
770,save,Like a Virgin
771,gon,Like a Virgin
772,didnt,Like a Virgin
773,somehow,Like a Virgin
774,lost,Like a Virgin
775,first,Like a Virgin
776,sad,Like a Virgin
777,ive,Like a Virgin
778,mine,Like a Virgin
779,ho,Like a Virgin
780,hoo,Like a Virgin
781,blue,Like a Virgin
782,baby,Like a Virgin
783,new,Like a Virgin
784,hold,Like a Virgin
785,inside,Like a Virgin
786,hide,Like a Virgin
787,ooh,Like a Virgin
788,incomplete,Like a Virgin
789,ill,Like a Virgin
790,cause,Like a Virgin
791,youre,Like a Virgin
792,next,Like a Virgin
793,find,Like a Virgin
794,fine,Like a Virgin
795,like,Like a Virgin
796,cold,Like a Virgin
797,yeah,Like a Virgin
798,whoa,Like a Virgin
799,last,Like a Virgin
800,scar,Like a Virgin
801,touch,Like a Virgin
802,nothing,Like a Virgin
803,beat,Like a Virgin
804,time,Like a Virgin
805,mind,Hold On
806,make,Hold On
807,could,Hold On
808,day,Hold On
809,turn,Hold On
810,really,Hold On
811,break,Hold On
812,way,Hold On
813,pass,Hold On
814,know,Hold On
815,youve,Hold On
816,na,Hold On
817,change,Hold On
818,tell,Hold On
819,dont,Hold On
820,heart,Hold On
821,thingsll,Hold On
822,cry,Hold On
823,say,Hold On
824,worry,Hold On
825,think,Hold On
826,life,Hold On
827,feel,Hold On
828,comfortable,Hold On
829,blame,Hold On
830,cant,Hold On
831,let,Hold On
832,gon,Hold On
833,thing,Hold On
834,mess,Hold On
835,around,Hold On
836,lock,Hold On
837,chain,Hold On
838,one,Hold On
839,fair,Hold On
840,pain,Hold On
841,baby,Hold On
842,hold,Hold On
843,step,Hold On
844,inside,Hold On
845,except,Hold On
846,go,Hold On
847,free,Hold On
848,cause,Hold On
849,ever,Hold On
850,goodbye,Hold On
851,get,Hold On
852,wont,Hold On
853,sustain,Hold On
854,open,Hold On
855,yeah,Hold On
856,worth,Hold On
857,anyone,Hold On
858,want,Hold On
859,somebodys,Hold On
860,unhappiness,Hold On
861,time,Hold On
862,bedroom,It Must Have Been Love
863,teardrop,It Must Have Been Love
864,blow,It Must Have Been Love
865,till,It Must Have Been Love
866,silence,It Must Have Been Love
867,good,It Must Have Been Love
868,lay,It Must Have Been Love
869,make,It Must Have Been Love
870,day,It Must Have Been Love
871,together,It Must Have Been Love
872,turn,It Must Have Been Love
873,leave,It Must Have Been Love
874,whisper,It Must Have Been Love
875,run,It Must Have Been Love
876,ground,It Must Have Been Love
877,water,It Must Have Been Love
878,like,It Must Have Been Love
879,wake,It Must Have Been Love
880,air,It Must Have Been Love
881,dream,It Must Have Been Love
882,love,It Must Have Been Love
883,lose,It Must Have Been Love
884,moment,It Must Have Been Love
885,must,It Must Have Been Love
886,outside,It Must Have Been Love
887,shelter,It Must Have Been Love
888,living,It Must Have Been Love
889,away,It Must Have Been Love
890,believe,It Must Have Been Love
891,close,It Must Have Been Love
892,eye,It Must Have Been Love
893,want,It Must Have Been Love
894,lonely,It Must Have Been Love
895,touch,It Must Have Been Love
896,hard,It Must Have Been Love
897,winter,It Must Have Been Love
898,wind,It Must Have Been Love
899,pillow,It Must Have Been Love
900,time,It Must Have Been Love
901,palm,It Must Have Been Love
902,without,It Must Have Been Love
903,heart,It Must Have Been Love
904,around,It Must Have Been Love
905,flow,It Must Have Been Love
906,somehow,It Must Have Been Love
907,im,It Must Have Been Love
908,mind,Gangsta's Paradise
909,good,Gangsta's Paradise
910,really,Gangsta's Paradise
911,thats,Gangsta's Paradise
912,spend,Gangsta's Paradise
913,educated,Gangsta's Paradise
914,anger,Gangsta's Paradise
915,way,Gangsta's Paradise
916,paradise,Gangsta's Paradise
917,prayer,Gangsta's Paradise
918,teach,Gangsta's Paradise
919,know,Gangsta's Paradise
920,money,Gangsta's Paradise
921,death,Gangsta's Paradise
922,luck,Gangsta's Paradise
923,kitchen,Gangsta's Paradise
924,night,Gangsta's Paradise
925,na,Gangsta's Paradise
926,tell,Gangsta's Paradise
927,blind,Gangsta's Paradise
928,watch,Gangsta's Paradise
929,hurt,Gangsta's Paradise
930,punk,Gangsta's Paradise
931,dont,Gangsta's Paradise
932,heart,Gangsta's Paradise
933,keep,Gangsta's Paradise
934,cook,Gangsta's Paradise
935,walk,Gangsta's Paradise
936,gangstas,Gangsta's Paradise
937,24,Gangsta's Paradise
938,im,Gangsta's Paradise
939,hate,Gangsta's Paradise
940,power,Gangsta's Paradise
941,take,Gangsta's Paradise
942,say,Gangsta's Paradise
943,see,Gangsta's Paradise
944,run,Gangsta's Paradise
945,think,Gangsta's Paradise
946,life,Gangsta's Paradise
947,aint,Gangsta's Paradise
948,trip,Gangsta's Paradise
949,hour,Gangsta's Paradise
950,guess,Gangsta's Paradise
951,understand,Gangsta's Paradise
952,dream,Gangsta's Paradise
953,ta,Gangsta's Paradise
954,live,Gangsta's Paradise
955,valley,Gangsta's Paradise
956,treat,Gangsta's Paradise
957,arouse,Gangsta's Paradise
958,nobodys,Gangsta's Paradise
959,banger,Gangsta's Paradise
960,long,Gangsta's Paradise
961,cant,Gangsta's Paradise
962,pistol,Gangsta's Paradise
963,whats,Gangsta's Paradise
964,23,Gangsta's Paradise
965,thing,Gangsta's Paradise
966,light,Gangsta's Paradise
967,ten,Gangsta's Paradise
968,little,Gangsta's Paradise
969,didnt,Gangsta's Paradise
970,laugh,Gangsta's Paradise
971,situation,Gangsta's Paradise
972,line,Gangsta's Paradise
973,homies,Gangsta's Paradise
974,deserve,Gangsta's Paradise
975,one,Gangsta's Paradise
976,street,Gangsta's Paradise
977,cross,Gangsta's Paradise
978,hood,Gangsta's Paradise
979,ive,Gangsta's Paradise
980,tripping,Gangsta's Paradise
981,leave,Gangsta's Paradise
982,chalk,Gangsta's Paradise
983,croak,Gangsta's Paradise
984,gleam,Gangsta's Paradise
985,minute,Gangsta's Paradise
986,away,Gangsta's Paradise
987,loc,Gangsta's Paradise
988,blast,Gangsta's Paradise
989,unheard,Gangsta's Paradise
990,eye,Gangsta's Paradise
991,talk,Gangsta's Paradise
992,learn,Gangsta's Paradise
993,go,Gangsta's Paradise
994,nothin,Gangsta's Paradise
995,front,Gangsta's Paradise
996,much,Gangsta's Paradise
997,smoke,Gangsta's Paradise
998,g,Gangsta's Paradise
999,like,Gangsta's Paradise
1000,get,Gangsta's Paradise
1001,wont,Gangsta's Paradise
1002,fool,Gangsta's Paradise
1003,man,Gangsta's Paradise
1004,realize,Gangsta's Paradise
1005,even,Gangsta's Paradise
1006,momma,Gangsta's Paradise
1007,half,Gangsta's Paradise
1008,look,Gangsta's Paradise
1009,locd,Gangsta's Paradise
1010,spending,Gangsta's Paradise
1011,normal,Gangsta's Paradise
1012,raise,Gangsta's Paradise
1013,hand,Gangsta's Paradise
1014,wan,Gangsta's Paradise
1015,chase,Gangsta's Paradise
1016,face,Gangsta's Paradise
1017,knee,Gangsta's Paradise
1018,shadow,Gangsta's Paradise
1019,set,Gangsta's Paradise
1020,might,Gangsta's Paradise
1021,kinda,Gangsta's Paradise
1022,gangsta,Gangsta's Paradise
1023,nothing,Gangsta's Paradise
1024,beat,Gangsta's Paradise
1025,reach,Gangsta's Paradise
1026,team,Gangsta's Paradise
1027,television,Gangsta's Paradise
1028,die,Gangsta's Paradise
1029,never,Gangsta's Paradise
1030,everybodys,Gangsta's Paradise
1031,gaze,Waterfalls
1032,place,Waterfalls
1033,river,Waterfalls
1034,pray,Waterfalls
1035,blow,Waterfalls
1036,lake,Waterfalls
1037,good,Waterfalls
1038,mind,Waterfalls
1039,make,Waterfalls
1040,true,Waterfalls
1041,move,Waterfalls
1042,gray,Waterfalls
1043,mother,Waterfalls
1044,day,Waterfalls
1045,self,Waterfalls
1046,use,Waterfalls
1047,someone,Waterfalls
1048,way,Waterfalls
1049,rain,Waterfalls
1050,know,Waterfalls
1051,money,Waterfalls
1052,aspiration,Waterfalls
1053,na,Waterfalls
1054,sunny,Waterfalls
1055,hopeless,Waterfalls
1056,comin,Waterfalls
1057,sky,Waterfalls
1058,hurt,Waterfalls
1059,obsession,Waterfalls
1060,wit,Waterfalls
1061,yall,Waterfalls
1062,em,Waterfalls
1063,dont,Waterfalls
1064,keep,Waterfalls
1065,fade,Waterfalls
1066,another,Waterfalls
1067,shade,Waterfalls
1068,take,Waterfalls
1069,cry,Waterfalls
1070,say,Waterfalls
1071,gutter,Waterfalls
1072,letter,Waterfalls
1073,crime,Waterfalls
1074,see,Waterfalls
1075,shell,Waterfalls
1076,think,Waterfalls
1077,jam,Waterfalls
1078,aint,Waterfalls
1079,life,Waterfalls
1080,anew,Waterfalls
1081,mirror,Waterfalls
1082,hear,Waterfalls
1083,love,Waterfalls
1084,dream,Waterfalls
1085,fast,Waterfalls
1086,window,Waterfalls
1087,chance,Waterfalls
1088,glimpse,Waterfalls
1089,blame,Waterfalls
1090,cant,Waterfalls
1091,bleedin,Waterfalls
1092,insane,Waterfalls
1093,waterfall,Waterfalls
1094,vein,Waterfalls
1095,give,Waterfalls
1096,praise,Waterfalls
1097,bring,Waterfalls
1098,gon,Waterfalls
1099,godgiven,Waterfalls
1100,ten,Waterfalls
1101,little,Waterfalls
1102,aim,Waterfalls
1103,yesterday,Waterfalls
1104,pourin,Waterfalls
1105,listen,Waterfalls
1106,name,Waterfalls
1107,one,Waterfalls
1108,hope,Waterfalls
1109,three,Waterfalls
1110,lay,Waterfalls
1111,pain,Waterfalls
1112,shame,Waterfalls
1113,victim,Waterfalls
1114,doesnt,Waterfalls
1115,storm,Waterfalls
1116,cope,Waterfalls
1117,endurin,Waterfalls
1118,blue,Waterfalls
1119,baby,Waterfalls
1120,ray,Waterfalls
1121,seldom,Waterfalls
1122,away,Waterfalls
1123,unconditional,Waterfalls
1124,fallin,Waterfalls
1125,el,Waterfalls
1126,promise,Waterfalls
1127,believe,Waterfalls
1128,temptation,Waterfalls
1129,brain,Waterfalls
1130,eye,Waterfalls
1131,many,Waterfalls
1132,trouble,Waterfalls
1133,help,Waterfalls
1134,rest,Waterfalls
1135,son,Waterfalls
1136,resting,Waterfalls
1137,prey,Waterfalls
1138,staring,Waterfalls
1139,go,Waterfalls
1140,much,Waterfalls
1141,seem,Waterfalls
1142,side,Waterfalls
1143,clear,Waterfalls
1144,cause,Waterfalls
1145,youre,Waterfalls
1146,please,Waterfalls
1147,tear,Waterfalls
1148,stick,Waterfalls
1149,praying,Waterfalls
1150,body,Waterfalls
1151,trace,Waterfalls
1152,like,Waterfalls
1153,cold,Waterfalls
1154,get,Waterfalls
1155,realize,Waterfalls
1156,caine,Waterfalls
1157,health,Waterfalls
1158,undo,Waterfalls
1159,precious,Waterfalls
1160,chase,Waterfalls
1161,face,Waterfalls
1162,dry,Waterfalls
1163,natural,Waterfalls
1164,leavin,Waterfalls
1165,system,Waterfalls
1166,faith,Waterfalls
1167,claim,Waterfalls
1168,lonely,Waterfalls
1169,touch,Waterfalls
1170,rainbow,Waterfalls
1171,recognize,Waterfalls
1172,tootin,Waterfalls
1173,nothing,Waterfalls
1174,time,Waterfalls
1175,shoot,Waterfalls
1176,best,Waterfalls
1177,final,Waterfalls
1178,folk,Waterfalls
1179,come,Waterfalls
1180,handle,Waterfalls
1181,wash,Breathe
1182,sunlight,Breathe
1183,isnt,Breathe
1184,dance,Breathe
1185,tumble,Breathe
1186,closer,Breathe
1187,way,Breathe
1188,arm,Breathe
1189,rush,Breathe
1190,breathe,Breathe
1191,know,Breathe
1192,floating,Breathe
1193,watch,Breathe
1194,breeze,Breathe
1195,washing,Breathe
1196,heart,Breathe
1197,fade,Breathe
1198,im,Breathe
1199,world,Breathe
1200,wrap,Breathe
1201,catch,Breathe
1202,wake,Breathe
1203,melt,Breathe
1204,settle,Breathe
1205,air,Breathe
1206,hear,Breathe
1207,love,Breathe
1208,prove,Breathe
1209,feel,Breathe
1210,felt,Breathe
1211,across,Breathe
1212,thing,Breathe
1213,theres,Breathe
1214,swept,Breathe
1215,whole,Breathe
1216,ive,Breathe
1217,leave,Breathe
1218,baby,Breathe
1219,suppose,Breathe
1220,away,Breathe
1221,word,Breathe
1222,suddenly,Breathe
1223,wall,Breathe
1224,right,Breathe
1225,seem,Breathe
1226,need,Breathe
1227,ever,Breathe
1228,slow,Breathe
1229,get,Breathe
1230,steady,Breathe
1231,lying,Breathe
1232,beating,Breathe
1233,face,Breathe
1234,thought,Breathe
1235,touch,Breathe
1236,nothing,Breathe
1237,come,Breathe
1238,never,Breathe
1239,magic,Breathe
1240,good,Smooth
1241,lift,Smooth
1242,mu√±equita,Smooth
1243,make,Smooth
1244,could,Smooth
1245,turn,Smooth
1246,every,Smooth
1247,turning,Smooth
1248,forget,Smooth
1249,ocean,Smooth
1250,hot,Smooth
1251,real,Smooth
1252,spanish,Smooth
1253,round,Smooth
1254,sun,Smooth
1255,change,Smooth
1256,tell,Smooth
1257,call,Smooth
1258,heart,Smooth
1259,cry,Smooth
1260,stay,Smooth
1261,say,Smooth
1262,world,Smooth
1263,suit,Smooth
1264,oh,Smooth
1265,seven,Smooth
1266,life,Smooth
1267,aint,Smooth
1268,melt,Smooth
1269,hear,Smooth
1270,love,Smooth
1271,soft,Smooth
1272,feel,Smooth
1273,emotion,Smooth
1274,moon,Smooth
1275,mona,Smooth
1276,give,Smooth
1277,let,Smooth
1278,thing,Smooth
1279,would,Smooth
1280,name,Smooth
1281,else,Smooth
1282,everyone,Smooth
1283,one,Smooth
1284,rhythm,Smooth
1285,mood,Smooth
1286,lovin,Smooth
1287,reason,Smooth
1288,breath,Smooth
1289,shame,Smooth
1290,leave,Smooth
1291,well,Smooth
1292,step,Smooth
1293,word,Smooth
1294,barrio,Smooth
1295,smooth,Smooth
1296,ill,Smooth
1297,midday,Smooth
1298,enough,Smooth
1299,youre,Smooth
1300,slow,Smooth
1301,radio,Smooth
1302,whisper,Smooth
1303,like,Smooth
1304,get,Smooth
1305,man,Smooth
1306,yeah,Smooth
1307,lisa,Smooth
1308,kind,Smooth
1309,inch,Smooth
1310,groove,Smooth
1311,harlem,Smooth
1312,cool,Smooth
1313,place,We Belong Together
1314,blow,We Belong Together
1315,ha,We Belong Together
1316,mc,We Belong Together
1317,till,We Belong Together
1318,jelly,We Belong Together
1319,party,We Belong Together
1320,mind,We Belong Together
1321,dj,We Belong Together
1322,make,We Belong Together
1323,broke,We Belong Together
1324,could,We Belong Together
1325,fact,We Belong Together
1326,day,We Belong Together
1327,peanut,We Belong Together
1328,thats,We Belong Together
1329,remix,We Belong Together
1330,spaz,We Belong Together
1331,every,We Belong Together
1332,hot,We Belong Together
1333,real,We Belong Together
1334,emancipation,We Belong Together
1335,butter,We Belong Together
1336,moment,We Belong Together
1337,throw,We Belong Together
1338,six,We Belong Together
1339,know,We Belong Together
1340,summertime,We Belong Together
1341,death,We Belong Together
1342,diva,We Belong Together
1343,easy,We Belong Together
1344,part,We Belong Together
1345,bounce,We Belong Together
1346,sun,We Belong Together
1347,night,We Belong Together
1348,whenever,We Belong Together
1349,close,We Belong Together
1350,cup,We Belong Together
1351,skellies,We Belong Together
1352,id,We Belong Together
1353,lime,We Belong Together
1354,wit,We Belong Together
1355,eager,We Belong Together
1356,dont,We Belong Together
1357,bout,We Belong Together
1358,kodak,We Belong Together
1359,im,We Belong Together
1360,tree,We Belong Together
1361,take,We Belong Together
1362,cry,We Belong Together
1363,hell,We Belong Together
1364,say,We Belong Together
1365,boy,We Belong Together
1366,mimi,We Belong Together
1367,singing,We Belong Together
1368,sometimes,We Belong Together
1369,argue,We Belong Together
1370,together,We Belong Together
1371,see,We Belong Together
1372,oh,We Belong Together
1373,occasion,We Belong Together
1374,kiss,We Belong Together
1375,woo,We Belong Together
1376,yet,We Belong Together
1377,clue,We Belong Together
1378,mustang,We Belong Together
1379,think,We Belong Together
1380,wait,We Belong Together
1381,life,We Belong Together
1382,forever,We Belong Together
1383,hear,We Belong Together
1384,february,We Belong Together
1385,toast,We Belong Together
1386,feel,We Belong Together
1387,grab,We Belong Together
1388,rough,We Belong Together
1389,haha,We Belong Together
1390,vibe,We Belong Together
1391,cant,We Belong Together
1392,lemon,We Belong Together
1393,ride,We Belong Together
1394,reflect,We Belong Together
1395,lean,We Belong Together
1396,tonight,We Belong Together
1397,let,We Belong Together
1398,thing,We Belong Together
1399,bobby,We Belong Together
1400,fever,We Belong Together
1401,ready,We Belong Together
1402,line,We Belong Together
1403,big,We Belong Together
1404,eight,We Belong Together
1405,though,We Belong Together
1406,womacks,We Belong Together
1407,pain,We Belong Together
1408,grigio,We Belong Together
1409,figure,We Belong Together
1410,leave,We Belong Together
1411,bygones,We Belong Together
1412,storm,We Belong Together
1413,well,We Belong Together
1414,song,We Belong Together
1415,baby,We Belong Together
1416,shy,We Belong Together
1417,desert,We Belong Together
1418,mariah,We Belong Together
1419,past,We Belong Together
1420,uh,We Belong Together
1421,inside,We Belong Together
1422,believe,We Belong Together
1423,shoulder,We Belong Together
1424,hummer,We Belong Together
1425,telly,We Belong Together
1426,bozak,We Belong Together
1427,talk,We Belong Together
1428,hard,We Belong Together
1429,show,We Belong Together
1430,stomach,We Belong Together
1431,wrong,We Belong Together
1432,pino,We Belong Together
1433,go,We Belong Together
1434,back,We Belong Together
1435,straight,We Belong Together
1436,right,We Belong Together
1437,two,We Belong Together
1438,sleep,We Belong Together
1439,need,We Belong Together
1440,cause,We Belong Together
1441,itll,We Belong Together
1442,youre,We Belong Together
1443,please,We Belong Together
1444,ghost,We Belong Together
1445,p,We Belong Together
1446,ever,We Belong Together
1447,still,We Belong Together
1448,belong,We Belong Together
1449,nobody,We Belong Together
1450,range,We Belong Together
1451,radio,We Belong Together
1452,like,We Belong Together
1453,element,We Belong Together
1454,get,We Belong Together
1455,wont,We Belong Together
1456,half,We Belong Together
1457,even,We Belong Together
1458,cobra,We Belong Together
1459,yeah,We Belong Together
1460,lose,We Belong Together
1461,quarter,We Belong Together
1462,skip,We Belong Together
1463,face,We Belong Together
1464,classic,We Belong Together
1465,want,We Belong Together
1466,yo,We Belong Together
1467,lonely,We Belong Together
1468,successful,We Belong Together
1469,respect,We Belong Together
1470,try,We Belong Together
1471,time,We Belong Together
1472,whos,We Belong Together
1473,fly,We Belong Together
1474,belly,We Belong Together
1475,come,We Belong Together
1476,matter,We Belong Together
1477,fire,Hollaback Girl
1478,bleacher,Hollaback Girl
1479,make,Hollaback Girl
1480,fall,Hollaback Girl
1481,bite,Hollaback Girl
1482,thats,Hollaback Girl
1483,dude,Hollaback Girl
1484,u,Hollaback Girl
1485,put,Hollaback Girl
1486,girl,Hollaback Girl
1487,na,Hollaback Girl
1488,foot,Hollaback Girl
1489,standing,Hollaback Girl
1490,another,Hollaback Girl
1491,im,Hollaback Girl
1492,take,Hollaback Girl
1493,say,Hollaback Girl
1494,sock,Hollaback Girl
1495,track,Hollaback Girl
1496,think,Hollaback Girl
1497,aint,Hollaback Girl
1498,hear,Hollaback Girl
1499,winner,Hollaback Girl
1500,meet,Hollaback Girl
1501,hollaback,Hollaback Girl
1502,shit,Hollaback Girl
1503,give,Hollaback Girl
1504,lead,Hollaback Girl
1505,gon,Hollaback Girl
1506,let,Hollaback Girl
1507,would,Hollaback Girl
1508,didnt,Hollaback Girl
1509,ready,Hollaback Girl
1510,around,Hollaback Girl
1511,one,Hollaback Girl
1512,fight,Hollaback Girl
1513,ive,Hollaback Girl
1514,principal,Hollaback Girl
1515,bananas,Hollaback Girl
1516,ya,Hollaback Girl
1517,people,Hollaback Girl
1518,ooh,Hollaback Girl
1519,talk,Hollaback Girl
1520,banana,Hollaback Girl
1521,studentteachers,Hollaback Girl
1522,right,Hollaback Girl
1523,cause,Hollaback Girl
1524,like,Hollaback Girl
1525,get,Hollaback Girl
1526,touchdown,Hollaback Girl
1527,pompoms,Hollaback Girl
1528,stamp,Hollaback Girl
1529,pack,Hollaback Girl
1530,dust,Hollaback Girl
1531,attack,Hollaback Girl
1532,wan,Hollaback Girl
1533,last,Hollaback Girl
1534,time,Hollaback Girl
1535,everybody,Hollaback Girl
1536,happen,Hollaback Girl
1537,blow,Tik Tok
1538,sunlight,Tik Tok
1539,party,Tik Tok
1540,dj,Tik Tok
1541,till,Tik Tok
1542,make,Tik Tok
1543,popo,Tik Tok
1544,break,Tik Tok
1545,dude,Tik Tok
1546,brush,Tik Tok
1547,jack,Tik Tok
1548,money,Tik Tok
1549,u,Tik Tok
1550,play,Tik Tok
1551,put,Tik Tok
1552,girl,Tik Tok
1553,night,Tik Tok
1554,na,Tik Tok
1555,pedicure,Tik Tok
1556,drunk,Tik Tok
1557,city,Tik Tok
1558,em,Tik Tok
1559,dont,Tik Tok
1560,heart,Tik Tok
1561,walk,Tik Tok
1562,im,Tik Tok
1563,unless,Tik Tok
1564,already,Tik Tok
1565,boy,Tik Tok
1566,world,Tik Tok
1567,bottle,Tik Tok
1568,see,Tik Tok
1569,wake,Tik Tok
1570,aint,Tik Tok
1571,beer,Tik Tok
1572,hear,Tik Tok
1573,junk,Tik Tok
1574,grab,Tik Tok
1575,favorite,Tik Tok
1576,glass,Tik Tok
1577,diddy,Tik Tok
1578,hey,Tik Tok
1579,hit,Tik Tok
1580,shut,Tik Tok
1581,gon,Tik Tok
1582,let,Tik Tok
1583,little,Tik Tok
1584,line,Tik Tok
1585,start,Tik Tok
1586,fight,Tik Tok
1587,feeling,Tik Tok
1588,build,Tik Tok
1589,leave,Tik Tok
1590,plenty,Tik Tok
1591,rollin,Tik Tok
1592,ticktock,Tik Tok
1593,phone,Tik Tok
1594,cd,Tik Tok
1595,sound,Tik Tok
1596,kick,Tik Tok
1597,pocket,Tik Tok
1598,toe,Tik Tok
1599,talk,Tik Tok
1600,stop,Tik Tok
1601,care,Tik Tok
1602,smack,Tik Tok
1603,droptopping,Tik Tok
1604,mick,Tik Tok
1605,curb,Tik Tok
1606,crunk,Tik Tok
1607,go,Tik Tok
1608,back,Tik Tok
1609,clothes,Tik Tok
1610,pop,Tik Tok
1611,cause,Tik Tok
1612,police,Tik Tok
1613,p,Tik Tok
1614,door,Tik Tok
1615,bit,Tik Tok
1616,morning,Tik Tok
1617,like,Tik Tok
1618,get,Tik Tok
1619,ima,Tik Tok
1620,til,Tik Tok
1621,teeth,Tik Tok
1622,look,Tik Tok
1623,yeah,Tik Tok
1624,hand,Tik Tok
1625,jagger,Tik Tok
1626,clock,Tik Tok
1627,tipsy,Tik Tok
1628,touch,Tik Tok
1629,speaker,Tik Tok
1630,swagger,Tik Tok
1631,try,Tik Tok
1632,goin,Tik Tok
1633,pound,Tik Tok
1634,everybody,Tik Tok
1635,come,Tik Tok
1636,tonight,Tik Tok
1637,alone,Need You Now
1638,mind,Need You Now
1639,way,Need You Now
1640,shot,Need You Now
1641,know,Need You Now
1642,sweeping,Need You Now
1643,call,Need You Now
1644,scatter,Need You Now
1645,drunk,Need You Now
1646,perfect,Need You Now
1647,hurt,Need You Now
1648,id,Need You Now
1649,dont,Need You Now
1650,another,Need You Now
1651,im,Need You Now
1652,control,Need You Now
1653,say,Need You Now
1654,oh,Need You Now
1655,guess,Need You Now
1656,feel,Need You Now
1657,rather,Need You Now
1658,cant,Need You Now
1659,youd,Need You Now
1660,little,Need You Now
1661,around,Need You Now
1662,one,Need You Now
1663,cross,Need You Now
1664,fight,Need You Now
1665,wish,Need You Now
1666,baby,Need You Now
1667,phone,Need You Now
1668,wonder,Need You Now
1669,anymore,Need You Now
1670,stop,Need You Now
1671,ooh,Need You Now
1672,picture,Need You Now
1673,floor,Need You Now
1674,need,Need You Now
1675,door,Need You Now
1676,ever,Need You Now
1677,wouldnt,Need You Now
1678,memory,Need You Now
1679,whiskey,Need You Now
1680,look,Need You Now
1681,whoa,Need You Now
1682,lose,Need You Now
1683,quarter,Need You Now
1684,nothing,Need You Now
1685,time,Need You Now
1686,reach,Need You Now
1687,without,Need You Now
1688,come,Need You Now
1689,happen,Need You Now
1690,lemmi,Uptown Funk
1691,good,Uptown Funk
1692,make,Uptown Funk
1693,freaky,Uptown Funk
1694,dance,Uptown Funk
1695,white,Uptown Funk
1696,break,Uptown Funk
1697,hot,Uptown Funk
1698,know,Uptown Funk
1699,money,Uptown Funk
1700,put,Uptown Funk
1701,girl,Uptown Funk
1702,night,Uptown Funk
1703,na,Uptown Funk
1704,call,Uptown Funk
1705,tell,Uptown Funk
1706,stretch,Uptown Funk
1707,cup,Uptown Funk
1708,hollywood,Uptown Funk
1709,watch,Uptown Funk
1710,city,Uptown Funk
1711,spot,Uptown Funk
1712,liquor,Uptown Funk
1713,yall,Uptown Funk
1714,whoo,Uptown Funk
1715,dont,Uptown Funk
1716,fresh,Uptown Funk
1717,bout,Uptown Funk
1718,retire,Uptown Funk
1719,im,Uptown Funk
1720,sip,Uptown Funk
1721,take,Uptown Funk
1722,say,Uptown Funk
1723,jar,Uptown Funk
1724,chuck,Uptown Funk
1725,band,Uptown Funk
1726,flaunt,Uptown Funk
1727,kiss,Uptown Funk
1728,oh,Uptown Funk
1729,wait,Uptown Funk
1730,ta,Uptown Funk
1731,live,Uptown Funk
1732,skippy,Uptown Funk
1733,jackson,Uptown Funk
1734,hit,Uptown Funk
1735,hey,Uptown Funk
1736,ride,Uptown Funk
1737,fill,Uptown Funk
1738,give,Uptown Funk
1739,gon,Uptown Funk
1740,harlem,Uptown Funk
1741,name,Uptown Funk
1742,saint,Uptown Funk
1743,one,Uptown Funk
1744,something,Uptown Funk
1745,ice,Uptown Funk
1746,hood,Uptown Funk
1747,bitch,Uptown Funk
1748,lil,Uptown Funk
1749,mississippi,Uptown Funk
1750,leave,Uptown Funk
1751,well,Uptown Funk
1752,bad,Uptown Funk
1753,minute,Uptown Funk
1754,check,Uptown Funk
1755,uh,Uptown Funk
1756,believe,Uptown Funk
1757,sexy,Uptown Funk
1758,stop,Uptown Funk
1759,funk,Uptown Funk
1760,show,Uptown Funk
1761,hallelujah,Uptown Funk
1762,smooth,Uptown Funk
1763,straight,Uptown Funk
1764,michelle,Uptown Funk
1765,gold,Uptown Funk
1766,wiling,Uptown Funk
1767,police,Uptown Funk
1768,dragon,Uptown Funk
1769,fireman,Uptown Funk
1770,julio,Uptown Funk
1771,jump,Uptown Funk
1772,cold,Uptown Funk
1773,get,Uptown Funk
1774,man,Uptown Funk
1775,pfeiffer,Uptown Funk
1776,wan,Uptown Funk
1777,laurent,Uptown Funk
1778,damn,Uptown Funk
1779,uptown,Uptown Funk
1780,brag,Uptown Funk
1781,pretty,Uptown Funk
1782,saturday,Uptown Funk
1783,come,Uptown Funk
1784,sign,Uptown Funk
1785,masterpiece,Uptown Funk
1786,style,Uptown Funk
1787,place,Thinking Out Loud
1788,mind,Thinking Out Loud
1789,make,Thinking Out Loud
1790,youll,Thinking Out Loud
1791,could,Thinking Out Loud
1792,day,Thinking Out Loud
1793,fall,Thinking Out Loud
1794,every,Thinking Out Loud
1795,use,Thinking Out Loud
1796,way,Thinking Out Loud
1797,arm,Thinking Out Loud
1798,mistake,Thinking Out Loud
1799,crowd,Thinking Out Loud
1800,know,Thinking Out Loud
1801,play,Thinking Out Loud
1802,star,Thinking Out Loud
1803,part,Thinking Out Loud
1804,na,Thinking Out Loud
1805,tell,Thinking Out Loud
1806,foot,Thinking Out Loud
1807,dont,Thinking Out Loud
1808,heart,Thinking Out Loud
1809,keep,Thinking Out Loud
1810,bout,Thinking Out Loud
1811,fade,Thinking Out Loud
1812,im,Thinking Out Loud
1813,take,Thinking Out Loud
1814,taste,Thinking Out Loud
1815,soul,Thinking Out Loud
1816,oh,Thinking Out Loud
1817,kiss,Thinking Out Loud
1818,think,Thinking Out Loud
1819,forever,Thinking Out Loud
1820,understand,Thinking Out Loud
1821,love,Thinking Out Loud
1822,mm,Thinking Out Loud
1823,grow,Thinking Out Loud
1824,cant,Thinking Out Loud
1825,23,Thinking Out Loud
1826,light,Thinking Out Loud
1827,mysterious,Thinking Out Loud
1828,loving,Thinking Out Loud
1829,name,Thinking Out Loud
1830,hop,Thinking Out Loud
1831,70,Thinking Out Loud
1832,old,Thinking Out Loud
1833,baby,Thinking Out Loud
1834,people,Thinking Out Loud
1835,maybe,Thinking Out Loud
1836,single,Thinking Out Loud
1837,eye,Thinking Out Loud
1838,darling,Thinking Out Loud
1839,hard,Thinking Out Loud
1840,evergreen,Thinking Out Loud
1841,hair,Thinking Out Loud
1842,go,Thinking Out Loud
1843,ill,Thinking Out Loud
1844,right,Thinking Out Loud
1845,cause,Thinking Out Loud
1846,string,Thinking Out Loud
1847,loud,Thinking Out Loud
1848,honey,Thinking Out Loud
1849,still,Thinking Out Loud
1850,find,Thinking Out Loud
1851,memory,Thinking Out Loud
1852,like,Thinking Out Loud
1853,work,Thinking Out Loud
1854,til,Thinking Out Loud
1855,hand,Thinking Out Loud
1856,leg,Thinking Out Loud
1857,head,Thinking Out Loud
1858,wan,Thinking Out Loud
1859,beating,Thinking Out Loud
1860,mouth,Thinking Out Loud
1861,touch,Thinking Out Loud
1862,remember,Thinking Out Loud
1863,cheek,Thinking Out Loud
1864,sweep,Thinking Out Loud
1865,plan,Thinking Out Loud
1866,smile,Thinking Out Loud
1867,thousand,Thinking Out Loud
1868,never,Thinking Out Loud
