Id,Label,Type
1950s,1950s,Decade
1960s,1960s,Decade
1970s,1970s,Decade
1980s,1980s,Decade
1990s,1990s,Decade
2000s,2000s,Decade
2010s,2010s,Decade
1985,1985,Year
1955,1955,Year
1990,1990,Year
1960,1960,Year
1995,1995,Year
1965,1965,Year
2000,2000,Year
1970,1970,Year
2005,2005,Year
1975,1975,Year
2010,2010,Year
1980,1980,Year
1950,1950,Year
2015,2015,Year
Goodnight Irene,Goodnight Irene,Song
Mona Lisa,Mona Lisa,Song
Cherry Pink And Apple Blossom White,Cherry Pink And Apple Blossom White,Song
Rock Around the Clock,Rock Around the Clock,Song
Theme from A Summer Place,Theme from A Summer Place,Song
He'll Have to Go,He'll Have to Go,Song
Wooly Bully,Wooly Bully,Song
I Can't Help Myself (Sugar Pie Honey Bunch),I Can't Help Myself (Sugar Pie Honey Bunch),Song
Bridge Over Troubled Water,Bridge Over Troubled Water,Song
(They Long to Be) Close to You,(They Long to Be) Close to You,Song
Love Will Keep Us Together,Love Will Keep Us Together,Song
Rhinestone Cowboy,Rhinestone Cowboy,Song
Call Me,Call Me,Song
"Another Brick in the Wall, Part II","Another Brick in the Wall, Part II",Song
Careless Whisper,Careless Whisper,Song
Like a Virgin,Like a Virgin,Song
Hold On,Hold On,Song
It Must Have Been Love,It Must Have Been Love,Song
Gangsta's Paradise,Gangsta's Paradise,Song
Waterfalls,Waterfalls,Song
Breathe,Breathe,Song
Smooth,Smooth,Song
We Belong Together,We Belong Together,Song
Hollaback Girl,Hollaback Girl,Song
Tik Tok,Tik Tok,Song
Need You Now,Need You Now,Song
Uptown Funk,Uptown Funk,Song
Thinking Out Loud,Thinking Out Loud,Song
take,take,Words
river,river,Words
drown,drown,Words
stay,stay,Words
bright,bright,Words
sometimes,sometimes,Words
marry,marry,Words
wife,wife,Words
see,see,Words
jump,jump,Words
ramblin,ramblin,Words
family,family,Words
get,get,Words
settle,settle,Words
dream,dream,Words
live,live,Words
home,home,Words
last,last,Words
town,town,Words
fireside,fireside,Words
irene,irene,Words
downtown,downtown,Words
part,part,Words
late,late,Words
night,night,Words
na,na,Words
great,great,Words
stroll,stroll,Words
stop,stop,Words
gon,gon,Words
country,country,Words
goodnight,goodnight,Words
gamblin,gamblin,Words
little,little,Words
saturday,saturday,Words
go,go,Words
ill,ill,Words
motion,motion,Words
cause,cause,Words
youre,youre,Words
lover,lover,Words
lovely,lovely,Words
tempt,tempt,Words
broken,broken,Words
like,like,Words
cold,cold,Words
work,work,Words
way,way,Words
dream,dream,Words
real,real,Words
mystic,mystic,Words
doorstep,doorstep,Words
lady,lady,Words
lie,lie,Words
blame,blame,Words
hide,hide,Words
mona,mona,Words
lonely,lonely,Words
lisa,lisa,Words
bring,bring,Words
many,many,Words
men,men,Words
art,art,Words
strangeness,strangeness,Words
smile,smile,Words
heart,heart,Words
name,name,Words
warm,warm,Words
die,die,Words
start,start,Words
youre,youre,Words
say,say,Words
boy,boy,Words
bright,bright,Words
true,true,Words
find,find,Words
lover,lover,Words
fall,fall,Words
blossom,blossom,Words
pink,pink,Words
sight,sight,Words
gently,gently,Words
white,white,Words
poet,poet,Words
way,way,Words
look,look,Words
new,new,Words
love,love,Words
always,always,Words
branch,branch,Words
bride,bride,Words
grow,grow,Words
intertwine,intertwine,Words
story,story,Words
meet,meet,Words
moon,moon,Words
long,long,Words
write,write,Words
eye,eye,Words
ago,ago,Words
carressed,carressed,Words
beside,beside,Words
breeze,breeze,Words
sigh,sigh,Words
join,join,Words
apple,apple,Words
two,two,Words
cherry,cherry,Words
go,go,Words
come,come,Words
enthrall,enthrall,Words
tree,tree,Words
eight,eight,Words
twelve,twelve,Words
one,one,Words
seventh,seventh,Words
three,three,Words
oclock,oclock,Words
daylight,daylight,Words
start,start,Words
four,four,Words
band,band,Words
slow,slow,Words
rockin,rockin,Words
seven,seven,Words
hon,hon,Words
well,well,Words
right,right,Words
heaven,heaven,Words
glad,glad,Words
til,til,Words
rag,rag,Words
nine,nine,Words
yell,yell,Words
six,six,Words
five,five,Words
ring,ring,Words
clock,clock,Words
put,put,Words
strong,strong,Words
round,round,Words
strike,strike,Words
na,na,Words
broad,broad,Words
chime,chime,Words
cool,cool,Words
eleven,eleven,Words
gon,gon,Words
ten,ten,Words
join,join,Words
goin,goin,Words
two,two,Words
around,around,Words
ill,ill,Words
tonight,tonight,Words
fun,fun,Words
rock,rock,Words
place,place,Words
free,free,Words
hope,hope,Words
safe,safe,Words
within,within,Words
bless,bless,Words
see,see,Words
yet,yet,Words
storm,storm,Words
arm,arm,Words
dream,dream,Words
love,love,Words
rain,rain,Words
people,people,Words
know,know,Words
sweet,sweet,Words
eye,eye,Words
secret,secret,Words
care,care,Words
summer,summer,Words
sky,sky,Words
may,may,Words
gloomy,gloomy,Words
theres,theres,Words
reach,reach,Words
share,share,Words
heart,heart,Words
anywhere,anywhere,Words
warm,warm,Words
im,im,Words
two,two,Words
alone,alone,Words
hell,hell,Words
say,say,Words
youre,youre,Words
mind,mind,Words
true,true,Words
make,make,Words
together,together,Words
turn,turn,Words
ive,ive,Words
whisper,whisper,Words
answer,answer,Words
get,get,Words
closer,closer,Words
man,man,Words
way,way,Words
low,low,Words
hear,hear,Words
understand,understand,Words
love,love,Words
hold,hold,Words
friend,friend,Words
pretend,pretend,Words
phone,phone,Words
know,know,Words
hang,hang,Words
put,put,Words
sweet,sweet,Words
cant,cant,Words
want,want,Words
tell,tell,Words
blind,blind,Words
darling,darling,Words
let,let,Words
word,word,Words
although,although,Words
little,little,Words
jukebox,jukebox,Words
go,go,Words
ill,ill,Words
lip,lip,Words
another,another,Words
yes,yes,Words
take,take,Words
pull,pull,Words
one,one,Words
dance,dance,Words
bully,bully,Words
really,really,Words
thats,thats,Words
get,get,Words
someone,someone,Words
wool,wool,Words
lseven,lseven,Words
horn,horn,Words
chance,chance,Words
tres,tres,Words
tell,tell,Words
learn,learn,Words
wooly,wooly,Words
matty,matty,Words
saw,saw,Words
let,let,Words
quatro,quatro,Words
thing,thing,Words
hatty,hatty,Words
dont,dont,Words
come,come,Words
uno,uno,Words
jaw,jaw,Words
big,big,Words
two,two,Words
flame,flame,Words
every,every,Words
apart,apart,Words
sugar,sugar,Words
know,know,Words
girl,girl,Words
wink,wink,Words
na,na,Words
tell,tell,Words
call,call,Words
bunch,bunch,Words
dont,dont,Words
heart,heart,Words
im,im,Words
see,see,Words
kiss,kiss,Words
life,life,Words
wait,wait,Words
love,love,Words
weak,weak,Words
apron,apron,Words
cant,cant,Words
anything,anything,Words
pie,pie,Words
snap,snap,Words
name,name,Words
arunning,arunning,Words
else,else,Words
start,start,Words
behind,behind,Words
ive,ive,Words
leave,leave,Words
inside,inside,Words
hide,hide,Words
eye,eye,Words
ooh,ooh,Words
picture,picture,Words
tie,tie,Words
help,help,Words
go,go,Words
cause,cause,Words
string,string,Words
tear,tear,Words
ask,ask,Words
honey,honey,Words
nobody,nobody,Words
get,get,Words
fool,fool,Words
man,man,Words
wan,wan,Words
burning,burning,Words
face,face,Words
finger,finger,Words
choke,choke,Words
want,want,Words
try,try,Words
nothing,nothing,Words
time,time,Words
thousand,thousand,Words
come,come,Words
matter,matter,Words
side,side,Words
take,take,Words
youre,youre,Words
tear,tear,Words
street,street,Words
behind,behind,Words
lay,lay,Words
darkness,darkness,Words
mind,mind,Words
find,find,Words
pain,pain,Words
fall,fall,Words
feeling,feeling,Words
see,see,Words
oh,oh,Words
water,water,Words
like,like,Words
get,get,Words
bridge,bridge,Words
even,even,Words
comfort,comfort,Words
ooo,ooo,Words
dream,dream,Words
way,way,Words
friend,friend,Words
rough,rough,Words
sail,sail,Words
ease,ease,Words
shine,shine,Words
friends,friends,Words
dry,dry,Words
girl,girl,Words
part,part,Words
small,small,Words
cant,cant,Words
eye,eye,Words
hard,hard,Words
weary,weary,Words
troubled,troubled,Words
time,time,Words
come,come,Words
around,around,Words
ill,ill,Words
silver,silver,Words
need,need,Words
im,im,Words
right,right,Words
angel,angel,Words
gold,gold,Words
ha,ha,Words
true,true,Words
starlight,starlight,Words
day,day,Words
fall,fall,Words
together,together,Words
sprinkle,sprinkle,Words
bear,bear,Words
like,like,Words
get,get,Words
every,every,Words
blue,blue,Words
wa,wa,Words
appear,appear,Words
dream,dream,Words
dust,dust,Words
near,near,Words
town,town,Words
bird,bird,Words
moon,moon,Words
star,star,Words
girl,girl,Words
long,long,Words
follow,follow,Words
create,create,Words
close,close,Words
eye,eye,Words
sky,sky,Words
la,la,Words
time,time,Words
suddenly,suddenly,Words
hair,hair,Words
come,come,Words
around,around,Words
walk,walk,Words
decide,decide,Words
good,good,Words
turn,turn,Words
really,really,Words
pretend,pretend,Words
u,u,Words
strong,strong,Words
hang,hang,Words
girl,girl,Words
youve,youve,Words
whenever,whenever,Words
na,na,Words
others,others,Words
beautiful,beautiful,Words
bababababa,bababababa,Words
dont,dont,Words
heart,heart,Words
keep,keep,Words
say,say,Words
whatever,whatever,Words
together,together,Words
think,think,Words
aint,aint,Words
forever,forever,Words
hear,hear,Words
love,love,Words
let,let,Words
mess,mess,Words
gon,gon,Words
sweettalking,sweettalking,Words
around,around,Words
start,start,Words
song,song,Words
sing,sing,Words
sound,sound,Words
babe,babe,Words
talk,talk,Words
stop,stop,Words
along,along,Words
go,go,Words
ill,ill,Words
free,free,Words
young,young,Words
cause,cause,Words
need,need,Words
belong,belong,Words
get,get,Words
wont,wont,Words
look,look,Words
wholl,wholl,Words
set,set,Words
share,share,Words
come,come,Words
someday,someday,Words
wash,wash,Words
mind,mind,Words
load,load,Words
road,road,Words
really,really,Words
thats,thats,Words
every,every,Words
way,way,Words
rain,rain,Words
rid,rid,Words
know,know,Words
na,na,Words
comin,comin,Words
dont,dont,Words
game,game,Words
im,im,Words
letter,letter,Words
dream,dream,Words
guy,guy,Words
hustle,hustle,Words
long,long,Words
sidewalk,sidewalk,Words
rhinestone,rhinestone,Words
gon,gon,Words
thing,thing,Words
light,light,Words
theres,theres,Words
offer,offer,Words
shoe,shoe,Words
name,name,Words
crack,crack,Words
subway,subway,Words
street,street,Words
pain,pain,Words
takin,takin,Words
ive,ive,Words
well,well,Words
song,song,Words
old,old,Words
snow,snow,Words
people,people,Words
phone,phone,Words
away,away,Words
card,card,Words
inside,inside,Words
hide,hide,Words
train,train,Words
gettin,gettin,Words
therell,therell,Words
compromisin,compromisin,Words
walkin,walkin,Words
horizon,horizon,Words
ridin,ridin,Words
broadway,broadway,Words
singin,singin,Words
shinin,shinin,Words
ill,ill,Words
youre,youre,Words
starspangled,starspangled,Words
nice,nice,Words
like,like,Words
get,get,Words
cowboy,cowboy,Words
horse,horse,Words
even,even,Words
token,token,Words
dirty,dirty,Words
rodeo,rodeo,Words
dollar,dollar,Words
smile,smile,Words
tuck,tuck,Words
chart,chart,Words
anytime,anytime,Words
youre,youre,Words
color,color,Words
car,car,Words
wine,wine,Words
day,day,Words
lover,lover,Words
language,language,Words
kiss,kiss,Words
oh,oh,Words
speak,speak,Words
mon,mon,Words
anyplace,anyplace,Words
ah,ah,Words
get,get,Words
cover,cover,Words
baby,baby,Words
sheet,sheet,Words
chiamami,chiamami,Words
love,love,Words
way,way,Words
designer,designer,Words
appellemoi,appellemoi,Words
know,know,Words
ill,ill,Words
emotion,emotion,Words
dayay,dayay,Words
sweet,sweet,Words
cherie,cherie,Words
night,night,Words
never,never,Words
call,call,Words
ride,ride,Words
amore,amore,Words
darling,darling,Words
overtime,overtime,Words
dont,dont,Words
share,share,Words
anywhere,anywhere,Words
ready,ready,Words
come,come,Words
line,line,Words
design,design,Words
alibi,alibi,Words
roll,roll,Words
enough,enough,Words
need,need,Words
alone,alone,Words
control,control,Words
youre,youre,Words
behind,behind,Words
yer,yer,Words
education,education,Words
shed,shed,Words
still,still,Words
dark,dark,Words
leave,leave,Words
pudding,pudding,Words
sarcasm,sarcasm,Words
brick,brick,Words
cant,cant,Words
meat,meat,Words
thought,thought,Words
hey,hey,Words
eat,eat,Words
stand,stand,Words
teacher,teacher,Words
kid,kid,Words
laddy,laddy,Words
wrong,wrong,Words
bike,bike,Words
dont,dont,Words
wall,wall,Words
classroom,classroom,Words
another,another,Words
yes,yes,Words
alone,alone,Words
mind,mind,Words
good,good,Words
youll,youll,Words
could,could,Words
dance,dance,Words
ignorance,ignorance,Words
die,die,Words
way,way,Words
pretend,pretend,Words
crowd,crowd,Words
know,know,Words
dids,dids,Words
easy,easy,Words
na,na,Words
call,call,Words
foot,foot,Words
hurt,hurt,Words
heart,heart,Words
waste,waste,Words
silver,silver,Words
im,im,Words
take,take,Words
stay,stay,Words
say,say,Words
together,together,Words
forever,forever,Words
love,love,Words
live,live,Words
friend,friend,Words
feel,feel,Words
guilty,guilty,Words
chance,chance,Words
unsure,unsure,Words
music,music,Words
screen,screen,Words
give,give,Words
lead,lead,Words
gon,gon,Words
thing,thing,Words
theres,theres,Words
wed,wed,Words
though,though,Words
something,something,Words
one,one,Words
rhythm,rhythm,Words
pain,pain,Words
sad,sad,Words
ive,ive,Words
leave,leave,Words
well,well,Words
wish,wish,Words
maybe,maybe,Words
careless,careless,Words
eye,eye,Words
cheat,cheat,Words
wrong,wrong,Words
go,go,Words
floor,floor,Words
seem,seem,Words
youre,youre,Words
loud,loud,Words
please,please,Words
find,find,Words
goodbye,goodbye,Words
whisper,whisper,Words
get,get,Words
fool,fool,Words
comfort,comfort,Words
hand,hand,Words
lose,lose,Words
want,want,Words
mend,mend,Words
truth,truth,Words
kind,kind,Words
time,time,Words
without,without,Words
tonight,tonight,Words
shouldve,shouldve,Words
never,never,Words
till,till,Words
good,good,Words
make,make,Words
fear,fear,Words
wilderness,wilderness,Words
know,know,Words
strong,strong,Words
na,na,Words
id,id,Words
heart,heart,Words
heartbeat,heartbeat,Words
virgin,virgin,Words
fade,fade,Words
boy,boy,Words
shiny,shiny,Words
oh,oh,Words
ah,ah,Words
bold,bold,Words
hear,hear,Words
love,love,Words
fast,fast,Words
thaw,thaw,Words
feel,feel,Words
cant,cant,Words
hey,hey,Words
end,end,Words
give,give,Words
save,save,Words
gon,gon,Words
didnt,didnt,Words
somehow,somehow,Words
lost,lost,Words
first,first,Words
sad,sad,Words
ive,ive,Words
mine,mine,Words
ho,ho,Words
hoo,hoo,Words
blue,blue,Words
baby,baby,Words
new,new,Words
hold,hold,Words
inside,inside,Words
hide,hide,Words
ooh,ooh,Words
incomplete,incomplete,Words
ill,ill,Words
cause,cause,Words
youre,youre,Words
next,next,Words
find,find,Words
fine,fine,Words
like,like,Words
cold,cold,Words
yeah,yeah,Words
whoa,whoa,Words
last,last,Words
scar,scar,Words
touch,touch,Words
nothing,nothing,Words
beat,beat,Words
time,time,Words
mind,mind,Words
make,make,Words
could,could,Words
day,day,Words
turn,turn,Words
really,really,Words
break,break,Words
way,way,Words
pass,pass,Words
know,know,Words
youve,youve,Words
na,na,Words
change,change,Words
tell,tell,Words
dont,dont,Words
heart,heart,Words
thingsll,thingsll,Words
cry,cry,Words
say,say,Words
worry,worry,Words
think,think,Words
life,life,Words
feel,feel,Words
comfortable,comfortable,Words
blame,blame,Words
cant,cant,Words
let,let,Words
gon,gon,Words
thing,thing,Words
mess,mess,Words
around,around,Words
lock,lock,Words
chain,chain,Words
one,one,Words
fair,fair,Words
pain,pain,Words
baby,baby,Words
hold,hold,Words
step,step,Words
inside,inside,Words
except,except,Words
go,go,Words
free,free,Words
cause,cause,Words
ever,ever,Words
goodbye,goodbye,Words
get,get,Words
wont,wont,Words
sustain,sustain,Words
open,open,Words
yeah,yeah,Words
worth,worth,Words
anyone,anyone,Words
want,want,Words
somebodys,somebodys,Words
unhappiness,unhappiness,Words
time,time,Words
bedroom,bedroom,Words
teardrop,teardrop,Words
blow,blow,Words
till,till,Words
silence,silence,Words
good,good,Words
lay,lay,Words
make,make,Words
day,day,Words
together,together,Words
turn,turn,Words
leave,leave,Words
whisper,whisper,Words
run,run,Words
ground,ground,Words
water,water,Words
like,like,Words
wake,wake,Words
air,air,Words
dream,dream,Words
love,love,Words
lose,lose,Words
moment,moment,Words
must,must,Words
outside,outside,Words
shelter,shelter,Words
living,living,Words
away,away,Words
believe,believe,Words
close,close,Words
eye,eye,Words
want,want,Words
lonely,lonely,Words
touch,touch,Words
hard,hard,Words
winter,winter,Words
wind,wind,Words
pillow,pillow,Words
time,time,Words
palm,palm,Words
without,without,Words
heart,heart,Words
around,around,Words
flow,flow,Words
somehow,somehow,Words
im,im,Words
mind,mind,Words
good,good,Words
really,really,Words
thats,thats,Words
spend,spend,Words
educated,educated,Words
anger,anger,Words
way,way,Words
paradise,paradise,Words
prayer,prayer,Words
teach,teach,Words
know,know,Words
money,money,Words
death,death,Words
luck,luck,Words
kitchen,kitchen,Words
night,night,Words
na,na,Words
tell,tell,Words
blind,blind,Words
watch,watch,Words
hurt,hurt,Words
punk,punk,Words
dont,dont,Words
heart,heart,Words
keep,keep,Words
cook,cook,Words
walk,walk,Words
gangstas,gangstas,Words
24,24,Words
im,im,Words
hate,hate,Words
power,power,Words
take,take,Words
say,say,Words
see,see,Words
run,run,Words
think,think,Words
life,life,Words
aint,aint,Words
trip,trip,Words
hour,hour,Words
guess,guess,Words
understand,understand,Words
dream,dream,Words
ta,ta,Words
live,live,Words
valley,valley,Words
treat,treat,Words
arouse,arouse,Words
nobodys,nobodys,Words
banger,banger,Words
long,long,Words
cant,cant,Words
pistol,pistol,Words
whats,whats,Words
23,23,Words
thing,thing,Words
light,light,Words
ten,ten,Words
little,little,Words
didnt,didnt,Words
laugh,laugh,Words
situation,situation,Words
line,line,Words
homies,homies,Words
deserve,deserve,Words
one,one,Words
street,street,Words
cross,cross,Words
hood,hood,Words
ive,ive,Words
tripping,tripping,Words
leave,leave,Words
chalk,chalk,Words
croak,croak,Words
gleam,gleam,Words
minute,minute,Words
away,away,Words
loc,loc,Words
blast,blast,Words
unheard,unheard,Words
eye,eye,Words
talk,talk,Words
learn,learn,Words
go,go,Words
nothin,nothin,Words
front,front,Words
much,much,Words
smoke,smoke,Words
g,g,Words
like,like,Words
get,get,Words
wont,wont,Words
fool,fool,Words
man,man,Words
realize,realize,Words
even,even,Words
momma,momma,Words
half,half,Words
look,look,Words
locd,locd,Words
spending,spending,Words
normal,normal,Words
raise,raise,Words
hand,hand,Words
wan,wan,Words
chase,chase,Words
face,face,Words
knee,knee,Words
shadow,shadow,Words
set,set,Words
might,might,Words
kinda,kinda,Words
gangsta,gangsta,Words
nothing,nothing,Words
beat,beat,Words
reach,reach,Words
team,team,Words
television,television,Words
die,die,Words
never,never,Words
everybodys,everybodys,Words
gaze,gaze,Words
place,place,Words
river,river,Words
pray,pray,Words
blow,blow,Words
lake,lake,Words
good,good,Words
mind,mind,Words
make,make,Words
true,true,Words
move,move,Words
gray,gray,Words
mother,mother,Words
day,day,Words
self,self,Words
use,use,Words
someone,someone,Words
way,way,Words
rain,rain,Words
know,know,Words
money,money,Words
aspiration,aspiration,Words
na,na,Words
sunny,sunny,Words
hopeless,hopeless,Words
comin,comin,Words
sky,sky,Words
hurt,hurt,Words
obsession,obsession,Words
wit,wit,Words
yall,yall,Words
em,em,Words
dont,dont,Words
keep,keep,Words
fade,fade,Words
another,another,Words
shade,shade,Words
take,take,Words
cry,cry,Words
say,say,Words
gutter,gutter,Words
letter,letter,Words
crime,crime,Words
see,see,Words
shell,shell,Words
think,think,Words
jam,jam,Words
aint,aint,Words
life,life,Words
anew,anew,Words
mirror,mirror,Words
hear,hear,Words
love,love,Words
dream,dream,Words
fast,fast,Words
window,window,Words
chance,chance,Words
glimpse,glimpse,Words
blame,blame,Words
cant,cant,Words
bleedin,bleedin,Words
insane,insane,Words
waterfall,waterfall,Words
vein,vein,Words
give,give,Words
praise,praise,Words
bring,bring,Words
gon,gon,Words
godgiven,godgiven,Words
ten,ten,Words
little,little,Words
aim,aim,Words
yesterday,yesterday,Words
pourin,pourin,Words
listen,listen,Words
name,name,Words
one,one,Words
hope,hope,Words
three,three,Words
lay,lay,Words
pain,pain,Words
shame,shame,Words
victim,victim,Words
doesnt,doesnt,Words
storm,storm,Words
cope,cope,Words
endurin,endurin,Words
blue,blue,Words
baby,baby,Words
ray,ray,Words
seldom,seldom,Words
away,away,Words
unconditional,unconditional,Words
fallin,fallin,Words
el,el,Words
promise,promise,Words
believe,believe,Words
temptation,temptation,Words
brain,brain,Words
eye,eye,Words
many,many,Words
trouble,trouble,Words
help,help,Words
rest,rest,Words
son,son,Words
resting,resting,Words
prey,prey,Words
staring,staring,Words
go,go,Words
much,much,Words
seem,seem,Words
side,side,Words
clear,clear,Words
cause,cause,Words
youre,youre,Words
please,please,Words
tear,tear,Words
stick,stick,Words
praying,praying,Words
body,body,Words
trace,trace,Words
like,like,Words
cold,cold,Words
get,get,Words
realize,realize,Words
caine,caine,Words
health,health,Words
undo,undo,Words
precious,precious,Words
chase,chase,Words
face,face,Words
dry,dry,Words
natural,natural,Words
leavin,leavin,Words
system,system,Words
faith,faith,Words
claim,claim,Words
lonely,lonely,Words
touch,touch,Words
rainbow,rainbow,Words
recognize,recognize,Words
tootin,tootin,Words
nothing,nothing,Words
time,time,Words
shoot,shoot,Words
best,best,Words
final,final,Words
folk,folk,Words
come,come,Words
handle,handle,Words
wash,wash,Words
sunlight,sunlight,Words
isnt,isnt,Words
dance,dance,Words
tumble,tumble,Words
closer,closer,Words
way,way,Words
arm,arm,Words
rush,rush,Words
breathe,breathe,Words
know,know,Words
floating,floating,Words
watch,watch,Words
breeze,breeze,Words
washing,washing,Words
heart,heart,Words
fade,fade,Words
im,im,Words
world,world,Words
wrap,wrap,Words
catch,catch,Words
wake,wake,Words
melt,melt,Words
settle,settle,Words
air,air,Words
hear,hear,Words
love,love,Words
prove,prove,Words
feel,feel,Words
felt,felt,Words
across,across,Words
thing,thing,Words
theres,theres,Words
swept,swept,Words
whole,whole,Words
ive,ive,Words
leave,leave,Words
baby,baby,Words
suppose,suppose,Words
away,away,Words
word,word,Words
suddenly,suddenly,Words
wall,wall,Words
right,right,Words
seem,seem,Words
need,need,Words
ever,ever,Words
slow,slow,Words
get,get,Words
steady,steady,Words
lying,lying,Words
beating,beating,Words
face,face,Words
thought,thought,Words
touch,touch,Words
nothing,nothing,Words
come,come,Words
never,never,Words
magic,magic,Words
good,good,Words
lift,lift,Words
muñequita,muñequita,Words
make,make,Words
could,could,Words
turn,turn,Words
every,every,Words
turning,turning,Words
forget,forget,Words
ocean,ocean,Words
hot,hot,Words
real,real,Words
spanish,spanish,Words
round,round,Words
sun,sun,Words
change,change,Words
tell,tell,Words
call,call,Words
heart,heart,Words
cry,cry,Words
stay,stay,Words
say,say,Words
world,world,Words
suit,suit,Words
oh,oh,Words
seven,seven,Words
life,life,Words
aint,aint,Words
melt,melt,Words
hear,hear,Words
love,love,Words
soft,soft,Words
feel,feel,Words
emotion,emotion,Words
moon,moon,Words
mona,mona,Words
give,give,Words
let,let,Words
thing,thing,Words
would,would,Words
name,name,Words
else,else,Words
everyone,everyone,Words
one,one,Words
rhythm,rhythm,Words
mood,mood,Words
lovin,lovin,Words
reason,reason,Words
breath,breath,Words
shame,shame,Words
leave,leave,Words
well,well,Words
step,step,Words
word,word,Words
barrio,barrio,Words
smooth,smooth,Words
ill,ill,Words
midday,midday,Words
enough,enough,Words
youre,youre,Words
slow,slow,Words
radio,radio,Words
whisper,whisper,Words
like,like,Words
get,get,Words
man,man,Words
yeah,yeah,Words
lisa,lisa,Words
kind,kind,Words
inch,inch,Words
groove,groove,Words
harlem,harlem,Words
cool,cool,Words
place,place,Words
blow,blow,Words
ha,ha,Words
mc,mc,Words
till,till,Words
jelly,jelly,Words
party,party,Words
mind,mind,Words
dj,dj,Words
make,make,Words
broke,broke,Words
could,could,Words
fact,fact,Words
day,day,Words
peanut,peanut,Words
thats,thats,Words
remix,remix,Words
spaz,spaz,Words
every,every,Words
hot,hot,Words
real,real,Words
emancipation,emancipation,Words
butter,butter,Words
moment,moment,Words
throw,throw,Words
six,six,Words
know,know,Words
summertime,summertime,Words
death,death,Words
diva,diva,Words
easy,easy,Words
part,part,Words
bounce,bounce,Words
sun,sun,Words
night,night,Words
whenever,whenever,Words
close,close,Words
cup,cup,Words
skellies,skellies,Words
id,id,Words
lime,lime,Words
wit,wit,Words
eager,eager,Words
dont,dont,Words
bout,bout,Words
kodak,kodak,Words
im,im,Words
tree,tree,Words
take,take,Words
cry,cry,Words
hell,hell,Words
say,say,Words
boy,boy,Words
mimi,mimi,Words
singing,singing,Words
sometimes,sometimes,Words
argue,argue,Words
together,together,Words
see,see,Words
oh,oh,Words
occasion,occasion,Words
kiss,kiss,Words
woo,woo,Words
yet,yet,Words
clue,clue,Words
mustang,mustang,Words
think,think,Words
wait,wait,Words
life,life,Words
forever,forever,Words
hear,hear,Words
february,february,Words
toast,toast,Words
feel,feel,Words
grab,grab,Words
rough,rough,Words
haha,haha,Words
vibe,vibe,Words
cant,cant,Words
lemon,lemon,Words
ride,ride,Words
reflect,reflect,Words
lean,lean,Words
tonight,tonight,Words
let,let,Words
thing,thing,Words
bobby,bobby,Words
fever,fever,Words
ready,ready,Words
line,line,Words
big,big,Words
eight,eight,Words
though,though,Words
womacks,womacks,Words
pain,pain,Words
grigio,grigio,Words
figure,figure,Words
leave,leave,Words
bygones,bygones,Words
storm,storm,Words
well,well,Words
song,song,Words
baby,baby,Words
shy,shy,Words
desert,desert,Words
mariah,mariah,Words
past,past,Words
uh,uh,Words
inside,inside,Words
believe,believe,Words
shoulder,shoulder,Words
hummer,hummer,Words
telly,telly,Words
bozak,bozak,Words
talk,talk,Words
hard,hard,Words
show,show,Words
stomach,stomach,Words
wrong,wrong,Words
pino,pino,Words
go,go,Words
back,back,Words
straight,straight,Words
right,right,Words
two,two,Words
sleep,sleep,Words
need,need,Words
cause,cause,Words
itll,itll,Words
youre,youre,Words
please,please,Words
ghost,ghost,Words
p,p,Words
ever,ever,Words
still,still,Words
belong,belong,Words
nobody,nobody,Words
range,range,Words
radio,radio,Words
like,like,Words
element,element,Words
get,get,Words
wont,wont,Words
half,half,Words
even,even,Words
cobra,cobra,Words
yeah,yeah,Words
lose,lose,Words
quarter,quarter,Words
skip,skip,Words
face,face,Words
classic,classic,Words
want,want,Words
yo,yo,Words
lonely,lonely,Words
successful,successful,Words
respect,respect,Words
try,try,Words
time,time,Words
whos,whos,Words
fly,fly,Words
belly,belly,Words
come,come,Words
matter,matter,Words
fire,fire,Words
bleacher,bleacher,Words
make,make,Words
fall,fall,Words
bite,bite,Words
thats,thats,Words
dude,dude,Words
u,u,Words
put,put,Words
girl,girl,Words
na,na,Words
foot,foot,Words
standing,standing,Words
another,another,Words
im,im,Words
take,take,Words
say,say,Words
sock,sock,Words
track,track,Words
think,think,Words
aint,aint,Words
hear,hear,Words
winner,winner,Words
meet,meet,Words
hollaback,hollaback,Words
shit,shit,Words
give,give,Words
lead,lead,Words
gon,gon,Words
let,let,Words
would,would,Words
didnt,didnt,Words
ready,ready,Words
around,around,Words
one,one,Words
fight,fight,Words
ive,ive,Words
principal,principal,Words
bananas,bananas,Words
ya,ya,Words
people,people,Words
ooh,ooh,Words
talk,talk,Words
banana,banana,Words
studentteachers,studentteachers,Words
right,right,Words
cause,cause,Words
like,like,Words
get,get,Words
touchdown,touchdown,Words
pompoms,pompoms,Words
stamp,stamp,Words
pack,pack,Words
dust,dust,Words
attack,attack,Words
wan,wan,Words
last,last,Words
time,time,Words
everybody,everybody,Words
happen,happen,Words
blow,blow,Words
sunlight,sunlight,Words
party,party,Words
dj,dj,Words
till,till,Words
make,make,Words
popo,popo,Words
break,break,Words
dude,dude,Words
brush,brush,Words
jack,jack,Words
money,money,Words
u,u,Words
play,play,Words
put,put,Words
girl,girl,Words
night,night,Words
na,na,Words
pedicure,pedicure,Words
drunk,drunk,Words
city,city,Words
em,em,Words
dont,dont,Words
heart,heart,Words
walk,walk,Words
im,im,Words
unless,unless,Words
already,already,Words
boy,boy,Words
world,world,Words
bottle,bottle,Words
see,see,Words
wake,wake,Words
aint,aint,Words
beer,beer,Words
hear,hear,Words
junk,junk,Words
grab,grab,Words
favorite,favorite,Words
glass,glass,Words
diddy,diddy,Words
hey,hey,Words
hit,hit,Words
shut,shut,Words
gon,gon,Words
let,let,Words
little,little,Words
line,line,Words
start,start,Words
fight,fight,Words
feeling,feeling,Words
build,build,Words
leave,leave,Words
plenty,plenty,Words
rollin,rollin,Words
ticktock,ticktock,Words
phone,phone,Words
cd,cd,Words
sound,sound,Words
kick,kick,Words
pocket,pocket,Words
toe,toe,Words
talk,talk,Words
stop,stop,Words
care,care,Words
smack,smack,Words
droptopping,droptopping,Words
mick,mick,Words
curb,curb,Words
crunk,crunk,Words
go,go,Words
back,back,Words
clothes,clothes,Words
pop,pop,Words
cause,cause,Words
police,police,Words
p,p,Words
door,door,Words
bit,bit,Words
morning,morning,Words
like,like,Words
get,get,Words
ima,ima,Words
til,til,Words
teeth,teeth,Words
look,look,Words
yeah,yeah,Words
hand,hand,Words
jagger,jagger,Words
clock,clock,Words
tipsy,tipsy,Words
touch,touch,Words
speaker,speaker,Words
swagger,swagger,Words
try,try,Words
goin,goin,Words
pound,pound,Words
everybody,everybody,Words
come,come,Words
tonight,tonight,Words
alone,alone,Words
mind,mind,Words
way,way,Words
shot,shot,Words
know,know,Words
sweeping,sweeping,Words
call,call,Words
scatter,scatter,Words
drunk,drunk,Words
perfect,perfect,Words
hurt,hurt,Words
id,id,Words
dont,dont,Words
another,another,Words
im,im,Words
control,control,Words
say,say,Words
oh,oh,Words
guess,guess,Words
feel,feel,Words
rather,rather,Words
cant,cant,Words
youd,youd,Words
little,little,Words
around,around,Words
one,one,Words
cross,cross,Words
fight,fight,Words
wish,wish,Words
baby,baby,Words
phone,phone,Words
wonder,wonder,Words
anymore,anymore,Words
stop,stop,Words
ooh,ooh,Words
picture,picture,Words
floor,floor,Words
need,need,Words
door,door,Words
ever,ever,Words
wouldnt,wouldnt,Words
memory,memory,Words
whiskey,whiskey,Words
look,look,Words
whoa,whoa,Words
lose,lose,Words
quarter,quarter,Words
nothing,nothing,Words
time,time,Words
reach,reach,Words
without,without,Words
come,come,Words
happen,happen,Words
lemmi,lemmi,Words
good,good,Words
make,make,Words
freaky,freaky,Words
dance,dance,Words
white,white,Words
break,break,Words
hot,hot,Words
know,know,Words
money,money,Words
put,put,Words
girl,girl,Words
night,night,Words
na,na,Words
call,call,Words
tell,tell,Words
stretch,stretch,Words
cup,cup,Words
hollywood,hollywood,Words
watch,watch,Words
city,city,Words
spot,spot,Words
liquor,liquor,Words
yall,yall,Words
whoo,whoo,Words
dont,dont,Words
fresh,fresh,Words
bout,bout,Words
retire,retire,Words
im,im,Words
sip,sip,Words
take,take,Words
say,say,Words
jar,jar,Words
chuck,chuck,Words
band,band,Words
flaunt,flaunt,Words
kiss,kiss,Words
oh,oh,Words
wait,wait,Words
ta,ta,Words
live,live,Words
skippy,skippy,Words
jackson,jackson,Words
hit,hit,Words
hey,hey,Words
ride,ride,Words
fill,fill,Words
give,give,Words
gon,gon,Words
harlem,harlem,Words
name,name,Words
saint,saint,Words
one,one,Words
something,something,Words
ice,ice,Words
hood,hood,Words
bitch,bitch,Words
lil,lil,Words
mississippi,mississippi,Words
leave,leave,Words
well,well,Words
bad,bad,Words
minute,minute,Words
check,check,Words
uh,uh,Words
believe,believe,Words
sexy,sexy,Words
stop,stop,Words
funk,funk,Words
show,show,Words
hallelujah,hallelujah,Words
smooth,smooth,Words
straight,straight,Words
michelle,michelle,Words
gold,gold,Words
wiling,wiling,Words
police,police,Words
dragon,dragon,Words
fireman,fireman,Words
julio,julio,Words
jump,jump,Words
cold,cold,Words
get,get,Words
man,man,Words
pfeiffer,pfeiffer,Words
wan,wan,Words
laurent,laurent,Words
damn,damn,Words
uptown,uptown,Words
brag,brag,Words
pretty,pretty,Words
saturday,saturday,Words
come,come,Words
sign,sign,Words
masterpiece,masterpiece,Words
style,style,Words
place,place,Words
mind,mind,Words
make,make,Words
youll,youll,Words
could,could,Words
day,day,Words
fall,fall,Words
every,every,Words
use,use,Words
way,way,Words
arm,arm,Words
mistake,mistake,Words
crowd,crowd,Words
know,know,Words
play,play,Words
star,star,Words
part,part,Words
na,na,Words
tell,tell,Words
foot,foot,Words
dont,dont,Words
heart,heart,Words
keep,keep,Words
bout,bout,Words
fade,fade,Words
im,im,Words
take,take,Words
taste,taste,Words
soul,soul,Words
oh,oh,Words
kiss,kiss,Words
think,think,Words
forever,forever,Words
understand,understand,Words
love,love,Words
mm,mm,Words
grow,grow,Words
cant,cant,Words
23,23,Words
light,light,Words
mysterious,mysterious,Words
loving,loving,Words
name,name,Words
hop,hop,Words
70,70,Words
old,old,Words
baby,baby,Words
people,people,Words
maybe,maybe,Words
single,single,Words
eye,eye,Words
darling,darling,Words
hard,hard,Words
evergreen,evergreen,Words
hair,hair,Words
go,go,Words
ill,ill,Words
right,right,Words
cause,cause,Words
string,string,Words
loud,loud,Words
honey,honey,Words
still,still,Words
find,find,Words
memory,memory,Words
like,like,Words
work,work,Words
til,til,Words
hand,hand,Words
leg,leg,Words
head,head,Words
wan,wan,Words
beating,beating,Words
mouth,mouth,Words
touch,touch,Words
remember,remember,Words
cheek,cheek,Words
sweep,sweep,Words
plan,plan,Words
smile,smile,Words
thousand,thousand,Words
never,never,Words
